ï..year,month,day,dotw,start_hour,start_minute,end_hour,end_minute,event,value,units,caregiver,age
2019,4,18,Thursday,11,53,NA,NA,birth,NA,,kch,NA
2019,10,18,Friday,7,50,NA,NA,wet,NA,,ap,NA
2019,10,18,Friday,10,0,NA,NA,wet,NA,,ap,NA
2019,10,18,Friday,12,20,NA,NA,wet,NA,,ap,NA
2019,10,18,Friday,14,25,NA,NA,wet,NA,,ap,NA
2019,10,18,Friday,8,20,NA,NA,bottle,1.5,oz,ap,NA
2019,10,18,Friday,10,40,NA,NA,bottle,2.5,oz,ap,NA
2019,10,18,Friday,12,30,NA,NA,bottle,2,oz,ap,NA
2019,10,18,Friday,14,53,NA,NA,bottle,2,oz,ap,NA
2019,10,18,Friday,9,10,9,58,nap,NA,,ap,NA
2019,10,18,Friday,13,1,13,30,nap,NA,,ap,NA
2019,10,17,Thursday,7,50,NA,NA,wet,NA,,ap,NA
2019,10,17,Thursday,8,30,NA,NA,caregiver_change,NA,,ap_vona,NA
2019,10,17,Thursday,9,55,NA,NA,wet,NA,,vona,NA
2019,10,17,Thursday,11,53,NA,NA,wet,NA,,vona,NA
2019,10,17,Thursday,13,41,NA,NA,bowel,NA,,vona,NA
2019,10,17,Thursday,15,15,NA,NA,wet,NA,,vona,NA
2019,10,17,Thursday,9,21,9,52,nap,NA,,vona,NA
2019,10,17,Thursday,14,12,14,45,nap,NA,,vona,NA
2019,10,17,Thursday,9,8,NA,NA,bottle,3,oz,vona,NA
2019,10,17,Thursday,11,5,NA,NA,bottle,2,oz,vona,NA
2019,10,17,Thursday,12,10,NA,NA,bottle,2,oz,vona,NA
2019,10,17,Thursday,14,0,NA,NA,bottle,2,oz,vona,NA
2019,10,16,Wednesday,7,10,NA,NA,dry,NA,,ap,NA
2019,10,16,Wednesday,8,5,NA,NA,wet,NA,,ap,NA
2019,10,16,Wednesday,10,0,NA,NA,wet,NA,,ap,NA
2019,10,16,Wednesday,11,35,NA,NA,bowel,NA,,ap,NA
2019,10,16,Wednesday,13,15,NA,NA,wet,NA,,ap,NA
2019,10,16,Wednesday,8,0,NA,NA,bottle,2,oz,ap,NA
2019,10,16,Wednesday,10,40,NA,NA,bottle,3.5,oz,ap,NA
2019,10,16,Wednesday,13,20,NA,NA,bottle,3,oz,ap,NA
2019,10,16,Wednesday,9,5,9,45,nap,NA,,ap,NA
2019,10,16,Wednesday,13,30,14,10,nap,NA,,ap,NA
2019,10,15,Tuesday,6,50,NA,NA,dry,NA,,ap,NA
2019,10,15,Tuesday,7,50,NA,NA,wet,NA,,ap,NA
2019,10,15,Tuesday,10,5,NA,NA,wet,NA,,ap,NA
2019,10,15,Tuesday,12,20,NA,NA,bowel,NA,,ap,NA
2019,10,15,Tuesday,14,10,NA,NA,wet,NA,,ap,NA
2019,10,15,Tuesday,8,0,NA,NA,bottle,2,oz,ap,NA
2019,10,15,Tuesday,10,35,NA,NA,bottle,2,oz,ap,NA
2019,10,15,Tuesday,12,45,NA,NA,bottle,1.5,oz,ap,NA
2019,10,15,Tuesday,14,15,NA,NA,bottle,1.5,oz,ap,NA
2019,10,15,Tuesday,9,30,10,0,nap,NA,,ap,NA
2019,10,15,Tuesday,11,35,12,15,nap,NA,,ap,NA
2019,9,27,Friday,7,0,NA,NA,wet,NA,,vona,NA
2019,9,27,Friday,7,52,NA,NA,bowel,NA,,vona,NA
2019,9,27,Friday,10,15,NA,NA,dry,NA,,ij,NA
2019,9,27,Friday,11,17,NA,NA,bowel,NA,,ij,NA
2019,9,27,Friday,13,50,NA,NA,bowel,NA,,kc,NA
2019,9,27,Friday,13,45,NA,NA,caregiver_change,NA,,ij_kc,NA
2019,9,27,Friday,8,20,NA,NA,bottle,2,oz,vona,NA
2019,9,27,Friday,11,15,NA,NA,bottle,2,oz,ij,NA
2019,9,27,Friday,10,20,NA,NA,nap,NA,,ij,NA
2019,10,10,Thursday,7,55,NA,NA,wet,NA,,ap,NA
2019,10,10,Thursday,9,45,NA,NA,wet,NA,,ap,NA
2019,10,10,Thursday,12,10,NA,NA,wet,NA,,ap,NA
2019,10,10,Thursday,8,25,NA,NA,bottle,2,oz,ap,NA
2019,10,10,Thursday,11,20,NA,NA,bottle,1,oz,ap,NA
2019,10,10,Thursday,13,10,NA,NA,bottle,3,oz,ap,NA
2019,10,10,Thursday,9,18,9,40,nap,NA,,ap,NA
2019,10,10,Thursday,13,20,NA,NA,nap,NA,,ap,NA
2019,10,7,Monday,NA,NA,NA,NA,intro_highflow_nipples,NA,,jsmkch,NA
2019,10,14,Monday,NA,NA,NA,NA,intro_sleeping_thru_night,NA,,jsmkch,NA
2019,8,22,Thursday,10,30,NA,NA,wet,NA,,jr,NA
2019,8,22,Thursday,12,20,NA,NA,dry,NA,,jr,NA
2019,8,22,Thursday,13,30,NA,NA,bowel,NA,,jr,NA
2019,8,22,Thursday,11,0,NA,NA,caregiver_change,NA,,vona_jr,NA
2019,8,22,Thursday,10,45,NA,NA,bottle,2,oz,jr,NA
2019,8,22,Thursday,13,40,NA,NA,bottle,2,oz,jr,NA
2019,8,22,Thursday,12,30,13,30,nap,NA,,jr,NA
2019,10,9,Wednesday,8,4,NA,NA,wet,NA,,ij,NA
2019,10,9,Wednesday,10,58,NA,NA,wet,NA,,kc,NA
2019,10,9,Wednesday,12,45,NA,NA,bowel,NA,,ij,NA
2019,10,9,Wednesday,14,30,NA,NA,dry,NA,,ij,NA
2019,10,9,Wednesday,15,0,NA,NA,bowel,NA,,ij,NA
2019,10,9,Wednesday,8,30,NA,NA,bottle,1,oz,ij,NA
2019,10,9,Wednesday,11,12,NA,NA,bottle,1,oz,ij,NA
2019,10,9,Wednesday,13,0,NA,NA,bottle,2,oz,ij,NA
2019,10,9,Wednesday,9,20,10,55,nap,NA,,ij,NA
2019,10,9,Wednesday,13,15,NA,NA,nap,NA,,ij,NA
2019,10,8,Tuesday,7,45,NA,NA,wet,NA,,ap,NA
2019,10,8,Tuesday,10,5,NA,NA,wet,NA,,ap,NA
2019,10,8,Tuesday,11,50,NA,NA,wet,NA,,ap,NA
2019,10,8,Tuesday,13,40,NA,NA,wet,NA,,ap,NA
2019,10,8,Tuesday,7,40,NA,NA,bottle,1,oz,ap,NA
2019,10,8,Tuesday,9,20,NA,NA,bottle,1,oz,ap,NA
2019,10,8,Tuesday,11,55,NA,NA,bottle,1,oz,ap,NA
2019,10,8,Tuesday,13,0,NA,NA,bottle,1,oz,ap,NA
2019,10,8,Tuesday,9,23,10,0,nap,NA,,ap,NA
2019,10,8,Tuesday,12,15,12,40,nap,NA,,ap,NA
2019,10,8,Tuesday,14,45,15,10,nap,NA,,ap,NA
2019,9,25,Wednesday,10,30,NA,NA,caregiver_change,NA,,vona_ap,NA
2019,9,25,Wednesday,7,5,NA,NA,wet,NA,,vona,NA
2019,9,25,Wednesday,9,30,NA,NA,wet,NA,,vona,NA
2019,9,25,Wednesday,11,15,NA,NA,wet,NA,,ap,NA
2019,9,25,Wednesday,8,20,NA,NA,bottle,2,oz,vona,NA
2019,9,25,Wednesday,9,45,NA,NA,bottle,2.5,oz,vona,NA
2019,9,25,Wednesday,8,40,9,30,nap,NA,,vona,NA
2019,9,25,Wednesday,11,25,NA,NA,nap,NA,,ap,NA
2019,10,7,Monday,8,20,NA,NA,caregiver_change,NA,,kc_vona,NA
2019,10,7,Monday,6,50,NA,NA,dry,NA,,kc,NA
2019,10,7,Monday,8,20,NA,NA,wet,NA,,kc,NA
2019,10,7,Monday,10,25,NA,NA,wet,NA,,vona,NA
2019,10,7,Monday,12,35,NA,NA,wet,NA,,vona,NA
2019,10,7,Monday,14,32,NA,NA,bowel,NA,,vona,NA
2019,10,7,Monday,8,0,NA,NA,bottle,2,oz,kc,NA
2019,10,7,Monday,11,0,NA,NA,bottle,3,oz,vona,NA
2019,10,7,Monday,14,0,NA,NA,bottle,3,oz,vona,NA
2019,10,7,Monday,9,10,9,43,nap,NA,,vona,NA
2019,10,7,Monday,12,28,13,22,nap,NA,,vona,NA
2019,10,3,Thursday,6,45,NA,NA,dry,NA,,ap,NA
2019,10,3,Thursday,8,10,NA,NA,wet,NA,,ap,NA
2019,10,3,Thursday,10,30,NA,NA,wet,NA,,ap,NA
2019,10,3,Thursday,11,20,NA,NA,bowel,NA,,ap,NA
2019,10,3,Thursday,13,0,NA,NA,wet,NA,,ap,NA
2019,10,3,Thursday,8,0,NA,NA,bottle,1,oz,ap,NA
2019,10,3,Thursday,11,0,NA,NA,bottle,2,oz,ap,NA
2019,10,3,Thursday,12,40,NA,NA,bottle,2.5,oz,ap,NA
2019,10,3,Thursday,13,30,NA,NA,bottle,2,oz,ap,NA
2019,10,3,Thursday,13,45,NA,NA,bowel,NA,,ap,NA
2019,10,3,Thursday,14,20,NA,NA,bowel,NA,,ap,NA
2019,10,3,Thursday,9,10,10,25,nap,NA,,ap,NA
2019,10,3,Thursday,14,27,NA,NA,nap,NA,,ap,NA
2019,10,1,Tuesday,7,55,NA,NA,wet,NA,,ij,NA
2019,10,1,Tuesday,10,5,NA,NA,wet,NA,,ij,NA
2019,10,1,Tuesday,12,37,NA,NA,bowel,NA,,ij,NA
2019,10,1,Tuesday,14,40,NA,NA,diaper,NA,,kc,NA
2019,10,1,Tuesday,14,3,NA,NA,bottle,2,oz,kc,NA
2019,10,1,Tuesday,14,3,NA,NA,caregiver_change,NA,,ij_kc,NA
2019,9,24,Tuesday,7,20,NA,NA,dry,NA,,ap,NA
2019,9,24,Tuesday,7,45,NA,NA,wet,NA,,ap,NA
2019,9,24,Tuesday,8,35,NA,NA,bowel,NA,,ap,NA
2019,9,24,Tuesday,10,15,NA,NA,bowel,NA,,ap,NA
2019,9,24,Tuesday,11,55,NA,NA,wet,NA,,ap,NA
2019,9,24,Tuesday,13,40,NA,NA,wet,NA,,ap,NA
2019,9,24,Tuesday,8,25,NA,NA,bottle,2,oz,ap,NA
2019,9,24,Tuesday,10,20,NA,NA,bottle,2,oz,ap,NA
2019,9,24,Tuesday,12,25,NA,NA,bottle,2,oz,ap,NA
2019,9,24,Tuesday,10,35,11,20,nap,NA,,ap,NA
2019,9,24,Tuesday,14,21,15,3,nap,NA,,ap,NA
2019,10,2,Wednesday,12,50,NA,NA,tylenol,3.75,mL,ij,NA
2019,10,2,Wednesday,14,20,NA,NA,caregiver_change,NA,,ij_kc,NA
2019,10,2,Wednesday,7,17,NA,NA,wet,NA,,ij,NA
2019,10,2,Wednesday,8,30,NA,NA,bowel,NA,,ij,NA
2019,10,2,Wednesday,11,7,NA,NA,bowel,NA,,ij,NA
2019,10,2,Wednesday,12,0,NA,NA,bowel,NA,,ij,NA
2019,10,2,Wednesday,14,10,NA,NA,wet,NA,,ij,NA
2019,10,2,Wednesday,15,10,NA,NA,wet,NA,,kc,NA
2019,10,2,Wednesday,8,10,NA,NA,bottle,1,oz,ij,NA
2019,10,2,Wednesday,10,15,NA,NA,bottle,2,oz,ij,NA
2019,10,2,Wednesday,12,40,NA,NA,bottle,1,oz,ij,NA
2019,10,2,Wednesday,14,44,NA,NA,bottle,2,oz,ij,NA
2019,10,2,Wednesday,8,57,10,14,nap,NA,,ij,NA
2019,10,2,Wednesday,13,23,14,0,nap,NA,,ij,NA
2019,9,30,Monday,7,5,NA,NA,wet,NA,,vona,NA
2019,9,30,Monday,9,2,NA,NA,wet,NA,,vona,NA
2019,9,30,Monday,10,35,NA,NA,bowel,NA,,vona,NA
2019,9,30,Monday,12,38,NA,NA,wet,NA,,vona,NA
2019,9,30,Monday,9,10,NA,NA,bottle,1.5,oz,vona,NA
2019,9,30,Monday,11,30,NA,NA,bottle,2,oz,vona,NA
2019,9,30,Monday,9,36,10,10,nap,NA,,vona,NA
2019,9,30,Monday,13,11,NA,NA,nap,NA,,vona,NA
2019,9,30,Monday,6,35,NA,NA,arrive,NA,,NA,NA
2019,9,30,Monday,13,5,NA,NA,temperature,101.4,degreesF,vona,NA
2019,10,4,Friday,7,15,NA,NA,wet,NA,,vona,NA
2019,10,4,Friday,9,15,NA,NA,wet,NA,,vona,NA
2019,10,4,Friday,10,22,NA,NA,bowel,NA,,vona,NA
2019,10,4,Friday,12,34,NA,NA,wet,NA,,vona,NA
2019,10,4,Friday,13,6,NA,NA,bowel,NA,,vona,NA
2019,10,4,Friday,9,17,NA,NA,bottle,1,oz,vona,NA
2019,10,4,Friday,10,48,NA,NA,bottle,2,oz,vona,NA
2019,10,4,Friday,13,16,NA,NA,bottle,1.5,oz,vona,NA
2019,10,4,Friday,7,52,9,10,nap,NA,,vona,NA
2019,10,4,Friday,14,9,15,20,nap,NA,,vona,NA
2019,10,4,Friday,6,43,NA,NA,arrive,NA,,NA,NA
2019,9,23,Monday,7,10,NA,NA,wet,NA,,vona,NA
2019,9,23,Monday,8,4,NA,NA,bowel,NA,,vona,NA
2019,9,23,Monday,10,5,NA,NA,wet,NA,,vona,NA
2019,9,23,Monday,11,50,NA,NA,wet,NA,,vona,NA
2019,9,23,Monday,13,27,NA,NA,wet,NA,,vona,NA
2019,9,23,Monday,15,20,NA,NA,wet,NA,,vona,NA
2019,9,23,Monday,9,15,NA,NA,bottle,2,oz,vona,NA
2019,9,23,Monday,11,15,NA,NA,bottle,4.5,oz,vona,NA
2019,9,23,Monday,13,15,NA,NA,bottle,2,oz,vona,NA
2019,9,23,Monday,11,17,11,32,nap,NA,,vona,NA
2019,9,23,Monday,6,45,NA,NA,arrive,NA,,NA,NA
2019,9,20,Friday,7,15,NA,NA,wet,NA,,vona,NA
2019,9,20,Friday,9,0,NA,NA,wet,NA,,vona,NA
2019,9,20,Friday,11,0,NA,NA,wet,NA,,vona,NA
2019,9,20,Friday,13,0,NA,NA,wet,NA,,vona,NA
2019,9,20,Friday,14,17,NA,NA,wet,NA,,vona,NA
2019,9,20,Friday,14,47,NA,NA,bowel,NA,,vona,NA
2019,9,20,Friday,8,30,NA,NA,bottle,2.5,oz,vona,NA
2019,9,20,Friday,11,30,NA,NA,bottle,1,oz,vona,NA
2019,9,20,Friday,13,0,NA,NA,bottle,2,oz,vona,NA
2019,9,20,Friday,15,0,NA,NA,bottle,2,oz,vona,NA
2019,9,20,Friday,9,40,10,23,nap,NA,,vona,NA
2019,9,20,Friday,13,21,14,14,nap,NA,,vona,NA
2019,9,20,Friday,6,45,NA,NA,arrive,NA,,NA,NA
2019,9,18,Wednesday,7,30,NA,NA,wet,NA,,ap,NA
2019,9,18,Wednesday,9,24,NA,NA,bowel,NA,,ap,NA
2019,9,18,Wednesday,11,10,NA,NA,wet,NA,,ap,NA
2019,9,18,Wednesday,13,0,NA,NA,wet,NA,,ap,NA
2019,9,18,Wednesday,13,10,NA,NA,bowel,NA,,ap,NA
2019,9,18,Wednesday,15,0,NA,NA,dry,NA,,ap,NA
2019,9,18,Wednesday,8,20,NA,NA,bottle,2,oz,ap,NA
2019,9,18,Wednesday,10,30,NA,NA,bottle,1,oz,ap,NA
2019,9,18,Wednesday,12,30,NA,NA,bottle,3,oz,ap,NA
2019,9,18,Wednesday,14,30,NA,NA,bottle,1.5,oz,ap,NA
2019,9,18,Wednesday,10,40,11,2,nap,NA,,ap,NA
2019,9,18,Wednesday,14,35,14,45,nap,NA,,ap,NA
2019,8,27,Tuesday,8,0,NA,NA,wet,NA,,jr,NA
2019,8,27,Tuesday,10,0,NA,NA,bowel,NA,,jr,NA
2019,8,27,Tuesday,10,35,NA,NA,bowel,NA,,jr,NA
2019,8,27,Tuesday,12,40,NA,NA,wet,NA,,jr,NA
2019,8,27,Tuesday,13,45,NA,NA,bowel,NA,,jr,NA
2019,8,27,Tuesday,8,15,NA,NA,bottle,2,oz,jr,NA
2019,8,27,Tuesday,9,0,NA,NA,bottle,3,oz,jr,NA
2019,8,27,Tuesday,11,0,NA,NA,bottle,2,oz,jr,NA
2019,8,27,Tuesday,13,5,NA,NA,bottle,1.5,oz,jr,NA
2019,8,27,Tuesday,14,50,NA,NA,bottle,4,oz,jr,NA
2019,8,27,Tuesday,11,10,12,40,nap,NA,,jr,NA
2019,8,27,Tuesday,14,10,14,45,nap,NA,,jr,NA
2019,8,26,Monday,7,10,NA,NA,wet,NA,,vona,NA
2019,8,26,Monday,10,15,NA,NA,bowel,NA,,jr,NA
2019,8,26,Monday,11,40,NA,NA,bowel,NA,,vona,NA
2019,8,26,Monday,13,32,NA,NA,bowel,NA,,vona,NA
2019,8,26,Monday,14,32,NA,NA,bowel,NA,,vona,NA
2019,8,26,Monday,15,10,NA,NA,bowel,NA,,vona,NA
2019,8,26,Monday,7,45,NA,NA,bottle,3,oz,vona,NA
2019,8,26,Monday,10,48,NA,NA,bottle,2,oz,vona,NA
2019,8,26,Monday,11,40,NA,NA,bottle,2,oz,vona,NA
2019,8,26,Monday,14,13,NA,NA,bottle,5,oz,vona,NA
2019,8,26,Monday,8,40,10,10,nap,NA,,vona,NA
2019,8,26,Monday,12,45,13,20,nap,NA,,vona,NA
2019,8,26,Monday,6,35,NA,NA,arrive,NA,,NA,NA
2019,9,9,Monday,7,0,NA,NA,wet,NA,,vona,NA
2019,9,9,Monday,8,21,NA,NA,bowel,NA,,vona,NA
2019,9,9,Monday,10,25,NA,NA,wet,NA,,vona,NA
2019,9,9,Monday,11,21,NA,NA,bowel,NA,,vona,NA
2019,9,9,Monday,13,25,NA,NA,wet,NA,,vona,NA
2019,9,9,Monday,15,15,NA,NA,wet,NA,,vona,NA
2019,9,9,Monday,7,40,NA,NA,bottle,3,oz,vona,NA
2019,9,9,Monday,10,48,NA,NA,bottle,3,oz,vona,NA
2019,9,9,Monday,13,35,NA,NA,bottle,2,oz,vona,NA
2019,9,9,Monday,8,46,9,43,nap,NA,,vona,NA
2019,9,9,Monday,12,38,13,23,nap,NA,,vona,NA
2019,9,9,Monday,6,43,NA,NA,arrive,NA,,NA,NA
2019,8,30,Friday,6,45,NA,NA,arrive,NA,,NA,NA
2019,8,30,Friday,7,10,NA,NA,wet,NA,,vona,NA
2019,8,30,Friday,8,45,NA,NA,wet,NA,,vona,NA
2019,8,30,Friday,9,9,NA,NA,bowel,NA,,vona,NA
2019,8,30,Friday,11,35,NA,NA,wet,NA,,vona,NA
2019,8,30,Friday,12,50,NA,NA,wet,NA,,vona,NA
2019,8,30,Friday,14,16,NA,NA,bowel,NA,,vona,NA
2019,8,30,Friday,15,20,NA,NA,wet,NA,,vona,NA
2019,8,30,Friday,8,50,NA,NA,bottle,3,oz,vona,NA
2019,8,30,Friday,12,55,NA,NA,bottle,3,oz,vona,NA
2019,8,30,Friday,14,20,NA,NA,bottle,2,oz,vona,NA
2019,8,30,Friday,15,0,NA,NA,bottle,2,oz,vona,NA
2019,8,30,Friday,7,30,8,42,nap,NA,,vona,NA
2019,8,30,Friday,10,21,11,34,nap,NA,,vona,NA
2019,8,30,Friday,14,27,14,37,nap,NA,,vona,NA
2019,9,11,Wednesday,7,0,NA,NA,arrive,NA,,NA,NA
2019,9,11,Wednesday,7,10,NA,NA,wet,NA,,vona,NA
2019,9,11,Wednesday,9,5,NA,NA,wet,NA,,vona,NA
2019,9,11,Wednesday,9,37,NA,NA,bowel,NA,,vona,NA
2019,9,11,Wednesday,11,0,NA,NA,bowel,NA,,vona,NA
2019,9,11,Wednesday,13,0,NA,NA,wet,NA,,vona,NA
2019,9,11,Wednesday,15,0,NA,NA,wet,NA,,vona,NA
2019,9,11,Wednesday,8,45,NA,NA,bottle,3,oz,vona,NA
2019,9,11,Wednesday,12,15,NA,NA,bottle,3,oz,vona,NA
2019,9,11,Wednesday,12,40,NA,NA,bottle,2,oz,vona,NA
2019,9,11,Wednesday,13,50,NA,NA,bottle,2,oz,vona,NA
2019,9,11,Wednesday,9,49,10,36,nap,NA,,vona,NA
2019,9,11,Wednesday,11,49,12,5,nap,NA,,vona,NA
2019,9,11,Wednesday,14,16,14,45,nap,NA,,vona,NA
2019,9,5,Thursday,6,40,NA,NA,arrive,NA,,NA,NA
2019,9,5,Thursday,7,10,NA,NA,bowel,NA,,vona,NA
2019,9,5,Thursday,9,20,NA,NA,wet,NA,,vona,NA
2019,9,5,Thursday,11,15,NA,NA,wet,NA,,vona,NA
2019,9,5,Thursday,12,42,NA,NA,bowel,NA,,vona,NA
2019,9,5,Thursday,14,48,NA,NA,bowel,NA,,vona,NA
2019,9,5,Thursday,9,20,NA,NA,bottle,3,oz,vona,NA
2019,9,5,Thursday,11,42,NA,NA,bottle,3,oz,vona,NA
2019,9,5,Thursday,15,0,NA,NA,bottle,2,oz,vona,NA
2019,9,5,Thursday,8,0,9,19,nap,NA,,vona,NA
2019,9,5,Thursday,12,15,12,33,nap,NA,,vona,NA
2019,9,5,Thursday,12,55,14,17,nap,NA,,vona,NA
2019,9,16,Monday,7,10,NA,NA,arrive,NA,,NA,NA
2019,9,16,Monday,7,20,NA,NA,dry,NA,,vona,NA
2019,9,16,Monday,7,55,NA,NA,wet,NA,,vona,NA
2019,9,16,Monday,8,52,NA,NA,bowel,NA,,vona,NA
2019,9,16,Monday,11,0,NA,NA,wet,NA,,vona,NA
2019,9,16,Monday,12,58,NA,NA,wet,NA,,vona,NA
2019,9,16,Monday,15,0,NA,NA,wet,NA,,vona,NA
2019,9,16,Monday,9,35,NA,NA,bottle,2,oz,vona,NA
2019,9,16,Monday,10,55,NA,NA,bottle,2,oz,vona,NA
2019,9,16,Monday,13,0,NA,NA,bottle,2.5,oz,vona,NA
2019,9,16,Monday,15,0,NA,NA,bottle,3,oz,vona,NA
2019,9,16,Monday,12,15,12,53,nap,NA,,vona,NA
2019,8,23,Friday,6,48,NA,NA,arrive,NA,,NA,NA
2019,8,23,Friday,7,19,NA,NA,wet,NA,,vona,NA
2019,8,23,Friday,9,40,NA,NA,wet,NA,,vona,NA
2019,8,23,Friday,11,15,NA,NA,wet,NA,,vona,NA
2019,8,23,Friday,13,0,NA,NA,wet,NA,,vona,NA
2019,8,23,Friday,8,38,NA,NA,bottle,3.5,oz,vona,NA
2019,8,23,Friday,10,30,NA,NA,bottle,2,oz,vona,NA
2019,8,23,Friday,12,45,NA,NA,bottle,3,oz,vona,NA
2019,8,23,Friday,8,55,9,36,nap,NA,,vona,NA
2019,8,23,Friday,11,52,12,46,nap,NA,,vona,NA
2019,9,13,Friday,6,37,NA,NA,arrive,NA,,NA,NA
2019,9,13,Friday,6,55,NA,NA,wet,NA,,vona,NA
2019,9,13,Friday,9,20,NA,NA,wet,NA,,vona,NA
2019,9,13,Friday,11,0,NA,NA,bowel,NA,,vona,NA
2019,9,13,Friday,12,47,NA,NA,bowel,NA,,vona,NA
2019,9,13,Friday,14,17,NA,NA,bowel,NA,,vona,NA
2019,9,13,Friday,15,46,NA,NA,bowel,NA,,vona,NA
2019,9,13,Friday,8,10,NA,NA,bottle,2,oz,vona,NA
2019,9,13,Friday,11,0,NA,NA,bottle,2.5,oz,vona,NA
2019,9,13,Friday,13,0,NA,NA,bottle,2,oz,vona,NA
2019,9,13,Friday,13,10,NA,NA,bottle,2,oz,vona,NA
2019,9,13,Friday,8,22,9,17,nap,NA,,vona,NA
2019,9,13,Friday,11,45,12,15,nap,NA,,vona,NA
2019,9,12,Thursday,6,40,NA,NA,arrive,NA,,NA,NA
2019,9,12,Thursday,6,50,NA,NA,bowel,NA,,vona,NA
2019,9,12,Thursday,8,45,NA,NA,wet,NA,,vona,NA
2019,9,12,Thursday,10,45,NA,NA,wet,NA,,vona,NA
2019,9,12,Thursday,13,12,NA,NA,wet,NA,,vona,NA
2019,9,12,Thursday,13,38,NA,NA,bowel,NA,,vona,NA
2019,9,12,Thursday,14,18,NA,NA,bowel,NA,,vona,NA
2019,9,12,Thursday,15,15,NA,NA,wet,NA,,vona,NA
2019,9,12,Thursday,8,50,NA,NA,bottle,3.5,oz,vona,NA
2019,9,12,Thursday,12,0,NA,NA,bottle,1,oz,vona,NA
2019,9,12,Thursday,13,15,NA,NA,bottle,2.5,oz,vona,NA
2019,9,12,Thursday,9,8,9,46,nap,NA,,vona,NA
2019,9,12,Thursday,12,7,13,5,nap,NA,,vona,NA
2019,9,4,Wednesday,6,55,NA,NA,arrive,NA,,NA,NA
2019,9,4,Wednesday,7,0,NA,NA,wet,NA,,vona,NA
2019,9,4,Wednesday,7,52,NA,NA,bowel,NA,,vona,NA
2019,9,4,Wednesday,9,45,NA,NA,wet,NA,,vona,NA
2019,9,4,Wednesday,10,35,NA,NA,bowel,NA,,vona,NA
2019,9,4,Wednesday,13,0,NA,NA,wet,NA,,vona,NA
2019,9,4,Wednesday,13,35,NA,NA,bowel,NA,,vona,NA
2019,9,4,Wednesday,14,55,NA,NA,bowel,NA,,vona,NA
2019,9,4,Wednesday,9,33,NA,NA,bottle,3.5,oz,vona,NA
2019,9,4,Wednesday,13,0,NA,NA,bottle,3,oz,vona,NA
2019,9,4,Wednesday,8,4,9,19,nap,NA,,vona,NA
2019,9,4,Wednesday,11,7,12,56,nap,NA,,vona,NA
2019,9,10,Tuesday,6,45,NA,NA,dry,NA,,ap,NA
2019,9,10,Tuesday,8,10,NA,NA,wet,NA,,ap,NA
2019,9,10,Tuesday,9,45,NA,NA,wet,NA,,ap,NA
2019,9,10,Tuesday,11,15,NA,NA,bowel,NA,,ap,NA
2019,9,10,Tuesday,12,45,NA,NA,bowel,NA,,ap,NA
2019,9,10,Tuesday,14,15,NA,NA,bowel,NA,,ap,NA
2019,9,10,Tuesday,8,0,NA,NA,bottle,2,oz,ap,NA
2019,9,10,Tuesday,10,30,NA,NA,bottle,3,oz,ap,NA
2019,9,10,Tuesday,13,15,NA,NA,bottle,3.5,oz,ap,NA
2019,9,10,Tuesday,9,0,9,40,nap,NA,,ap,NA
2019,9,10,Tuesday,12,0,12,35,nap,NA,,ap,NA
2019,9,6,Friday,6,40,NA,NA,arrive,NA,,NA,NA
2019,9,6,Friday,7,5,NA,NA,wet,NA,,vona,NA
2019,9,6,Friday,9,35,NA,NA,wet,NA,,vona,NA
2019,9,6,Friday,9,59,NA,NA,bowel,NA,,vona,NA
2019,9,6,Friday,11,25,NA,NA,bowel,NA,,ap,NA
2019,9,6,Friday,12,57,NA,NA,bowel,NA,,vona,NA
2019,9,6,Friday,15,0,NA,NA,wet,NA,,vona,NA
2019,9,6,Friday,8,5,NA,NA,bottle,2,oz,vona,NA
2019,9,6,Friday,12,30,NA,NA,bottle,3,oz,vona,NA
2019,9,6,Friday,15,0,NA,NA,bottle,2.5,oz,vona,NA
2019,9,6,Friday,8,48,9,32,nap,NA,,vona,NA
2019,9,6,Friday,11,34,12,10,nap,NA,,vona,NA
2019,9,6,Friday,14,10,14,40,nap,NA,,vona,NA
2019,9,29,Sunday,NA,NA,NA,NA,intro_grass,NA,,jsmkch,NA
2019,9,22,Sunday,NA,NA,NA,NA,skill_crawl_army,NA,,jsmkch,NA
2019,8,19,Monday,NA,NA,NA,NA,trait_mass,7.82,kg,rainbow,NA
2019,6,24,Monday,NA,NA,NA,NA,trait_mass,6.69,kg,rainbow,NA
2019,5,20,Monday,NA,NA,NA,NA,trait_mass,5.53,kg,rainbow,NA
2019,4,30,Tuesday,NA,NA,NA,NA,trait_mass,4.74,kg,rainbow,NA
2019,4,26,Friday,NA,NA,NA,NA,trait_mass,4.39,kg,rainbow,NA
2019,4,22,Monday,NA,NA,NA,NA,trait_mass,4.11,kg,rainbow,NA
2019,4,20,Saturday,NA,NA,NA,NA,trait_mass,4.14,kg,rainbow,NA
2019,4,18,Thursday,NA,NA,NA,NA,trait_mass,4.39,kg,rainbow,NA
2019,8,19,Monday,NA,NA,NA,NA,trait_length,68.6,cm,rainbow,NA
2019,6,24,Monday,NA,NA,NA,NA,trait_length,65.4,cm,rainbow,NA
2019,5,20,Monday,NA,NA,NA,NA,trait_length,61.6,cm,rainbow,NA
2019,4,30,Tuesday,NA,NA,NA,NA,trait_length,56.5,cm,rainbow,NA
2019,4,26,Friday,NA,NA,NA,NA,trait_length,56.1,cm,rainbow,NA
2019,4,22,Monday,NA,NA,NA,NA,trait_length,54.6,cm,rainbow,NA
2019,8,19,Monday,NA,NA,NA,NA,trait_head_circum,42.5,cm,rainbow,NA
2019,6,24,Monday,NA,NA,NA,NA,trait_head_circum,40.6,cm,rainbow,NA
2019,5,20,Monday,NA,NA,NA,NA,trait_head_circum,38.7,cm,rainbow,NA
2019,4,22,Monday,NA,NA,NA,NA,trait_head_circum,33,cm,rainbow,NA
2019,10,14,Monday,NA,NA,NA,NA,skill_situp_partial,NA,,jsmkch,NA
2019,10,1,Tuesday,NA,NA,NA,NA,intro_solidfood_regularly,NA,,jsmkch,NA
2019,9,2,Monday,NA,NA,NA,NA,intro_solidfood,NA,,jsmkch,NA
2019,9,30,Monday,NA,NA,NA,NA,trait_mass,8.56,kg,rainbow,NA
2019,9,30,Monday,NA,NA,NA,NA,temperature,102.1,degreesF,rainbow,NA
2019,9,25,Wednesday,NA,NA,NA,NA,trait_mass,8.48,kg,rainbow,NA
2019,9,25,Wednesday,14,20,NA,NA,temperature,99.3,degreesF,rainbow,NA
2019,9,25,Wednesday,15,30,NA,NA,temperature,98.2,degreesF,rainbow,NA
2019,9,26,Thursday,18,NA,NA,NA,amoxicilin,5,ml,jsmkch,NA
2019,9,27,Friday,6,NA,NA,NA,amoxicilin,5,ml,jsmkch,NA
2019,9,27,Friday,18,NA,NA,NA,amoxicilin,5,ml,jsmkch,NA
2019,9,28,Saturday,6,NA,NA,NA,amoxicilin,5,ml,jsmkch,NA
2019,9,29,Sunday,6,NA,NA,NA,amoxicilin,5,ml,jsmkch,NA
2019,9,29,Sunday,18,NA,NA,NA,amoxicilin,5,ml,jsmkch,NA
2019,9,30,Monday,6,NA,NA,NA,amoxicilin,5,ml,jsmkch,NA
2019,9,30,Monday,18,NA,NA,NA,amoxicilin,5,ml,jsmkch,NA
2019,10,1,Tuesday,6,NA,NA,NA,amoxicilin,5,ml,jsmkch,NA
2019,10,1,Tuesday,18,NA,NA,NA,amoxicilin,5,ml,jsmkch,NA
2019,10,2,Wednesday,6,NA,NA,NA,amoxicilin,5,ml,jsmkch,NA
2019,10,2,Wednesday,18,NA,NA,NA,amoxicilin,5,ml,jsmkch,NA
2019,10,3,Thursday,6,NA,NA,NA,amoxicilin,5,ml,jsmkch,NA
2019,10,3,Thursday,18,NA,NA,NA,amoxicilin,5,ml,jsmkch,NA
2019,10,4,Friday,6,NA,NA,NA,amoxicilin,5,ml,jsmkch,NA
2019,10,4,Friday,18,NA,NA,NA,amoxicilin,5,ml,jsmkch,NA
2019,10,5,Saturday,6,NA,NA,NA,amoxicilin,5,ml,jsmkch,NA
2019,10,5,Saturday,18,NA,NA,NA,amoxicilin,5,ml,jsmkch,NA
2019,10,21,Monday,7,26,NA,NA,wet,NA,,kc,NA
2019,10,21,Monday,9,15,NA,NA,wet,NA,,vona,NA
2019,10,21,Monday,11,10,NA,NA,wet,NA,,vona,NA
2019,10,21,Monday,13,33,NA,NA,wet,NA,,vona,NA
2019,10,21,Monday,13,42,NA,NA,bowel,NA,,vona,NA
2019,10,21,Monday,8,NA,NA,NA,caregiver_change,NA,,kc_vona,NA
2019,10,21,Monday,8,1,NA,NA,bottle,2,oz,vona,NA
2019,10,21,Monday,9,0,NA,NA,bottle,2.5,oz,vona,NA
2019,10,21,Monday,11,45,NA,NA,bottle,2,oz,vona,NA
2019,10,21,Monday,14,15,NA,NA,bottle,2.5,oz,vona,NA
2019,10,21,Monday,9,27,10,0,nap,NA,,vona,NA
2019,10,21,Monday,13,0,13,30,nap,NA,,vona,NA
2019,10,21,Monday,NA,NA,NA,NA,skill_pullup,NA,,vona_kch,NA
2019,10,22,Tuesday,7,0,NA,NA,dry,NA,,ap,NA
2019,10,22,Tuesday,8,5,NA,NA,wet,NA,,ap,NA
2019,10,22,Tuesday,10,35,NA,NA,wet,NA,,ap,NA
2019,10,22,Tuesday,12,0,NA,NA,bowel,NA,,jd,NA
2019,10,22,Tuesday,13,30,NA,NA,wet,NA,,ap,NA
2019,10,22,Tuesday,14,45,NA,NA,wet,NA,,ap,NA
2019,10,22,Tuesday,8,0,NA,NA,bottle,2,oz,ap,NA
2019,10,22,Tuesday,10,40,NA,NA,bottle,3,oz,ap,NA
2019,10,22,Tuesday,13,0,NA,NA,bottle,2,oz,ap,NA
2019,10,22,Tuesday,9,17,10,30,nap,NA,,ap,NA
2019,10,22,Tuesday,13,10,13,25,nap,NA,,ap,NA
2019,10,22,Tuesday,19,0,NA,NA,intro_sleeping_nursery,NA,,jsmkch,NA
2019,10,4,Friday,NA,NA,NA,NA,trait_tooth_incisor_lower_right,NA,,jsmkch,NA
2019,10,23,Wednesday,NA,NA,NA,NA,trait_tooth_incisor_lower_left,NA,,jsmkch,NA
2019,10,23,Wednesday,7,35,NA,NA,dry,NA,,kc,NA
2019,10,23,Wednesday,9,0,NA,NA,wet,NA,,ap,NA
2019,10,23,Wednesday,10,45,NA,NA,wet,NA,,ap,NA
2019,10,23,Wednesday,13,0,NA,NA,wet,NA,,ap,NA
2019,10,23,Wednesday,14,50,NA,NA,wet,NA,,ap,NA
2019,10,23,Wednesday,8,0,NA,NA,bottle,2,oz,ap,NA
2019,10,23,Wednesday,8,45,NA,NA,bottle,1,oz,ap,NA
2019,10,23,Wednesday,10,15,NA,NA,bottle,2,oz,ap,NA
2019,10,23,Wednesday,11,10,NA,NA,bottle,3,oz,ap,NA
2019,10,23,Wednesday,13,45,NA,NA,bottle,2.5,oz,ap,NA
2019,10,23,Wednesday,9,0,9,45,nap,NA,,ap,NA
2019,10,23,Wednesday,11,32,12,55,nap,NA,,ap,NA
2019,10,24,Thursday,7,30,NA,NA,dry,NA,,ap,NA
2019,10,24,Thursday,8,15,NA,NA,bowel,NA,,ap,NA
2019,10,24,Thursday,10,15,NA,NA,wet,NA,,ap,NA
2019,10,24,Thursday,12,40,NA,NA,wet,NA,,ap,NA
2019,10,24,Thursday,14,40,NA,NA,wet,NA,,ap,NA
2019,10,24,Thursday,8,5,NA,NA,bottle,1.5,oz,ap,NA
2019,10,24,Thursday,10,15,NA,NA,bottle,3,oz,ap,NA
2019,10,24,Thursday,13,10,NA,NA,bottle,2,oz,ap,NA
2019,10,24,Thursday,13,45,NA,NA,bottle,3,oz,ap,NA
2019,10,24,Thursday,14,30,NA,NA,bottle,2.5,oz,ap,NA
2019,10,24,Thursday,15,50,NA,NA,bottle,2.5,oz,ap,NA
2019,10,24,Thursday,8,45,9,15,nap,NA,,ap,NA
2019,10,24,Thursday,11,10,12,40,nap,NA,,ap,NA
2019,10,25,Friday,7,15,NA,NA,dry,NA,,kc,NA
2019,10,25,Friday,8,15,NA,NA,wet,NA,,ap,NA
2019,10,25,Friday,10,10,NA,NA,wet,NA,,vona,NA
2019,10,25,Friday,12,17,NA,NA,wet,NA,,vona,NA
2019,10,25,Friday,14,15,NA,NA,wet,NA,,vona,NA
2019,10,25,Friday,16,30,NA,NA,wet,NA,,vona,NA
2019,10,25,Friday,8,0,NA,NA,bottle,1.5,oz,ap,NA
2019,10,25,Friday,9,15,NA,NA,bottle,3,oz,vona,NA
2019,10,25,Friday,11,0,NA,NA,bottle,3,oz,vona,NA
2019,10,25,Friday,12,45,NA,NA,bottle,3,oz,vona,NA
2019,10,25,Friday,14,15,NA,NA,bottle,2,oz,vona,NA
2019,10,25,Friday,15,0,NA,NA,bottle,2,oz,vona,NA
2019,10,25,Friday,11,40,12,14,nap,NA,,vona,NA
2019,10,25,Friday,15,10,NA,NA,nap,NA,,vona,NA
2019,10,25,Friday,8,30,NA,NA,caregiver_change,NA,,ap_vona,NA
2019,10,28,Monday,7,5,NA,NA,dry,NA,,ap,NA
2019,10,28,Monday,7,50,NA,NA,wet,NA,,ap,NA
2019,10,28,Monday,9,25,NA,NA,wet,NA,,vona,NA
2019,10,28,Monday,11,45,NA,NA,wet,NA,,vona,NA
2019,10,28,Monday,13,48,NA,NA,wet,NA,,vona,NA
2019,10,28,Monday,15,5,NA,NA,wet,NA,,vona,NA
2019,10,28,Monday,8,45,NA,NA,bottle,2,oz,vona,NA
2019,10,28,Monday,9,25,NA,NA,bottle,2,oz,vona,NA
2019,10,28,Monday,10,45,NA,NA,bottle,2,oz,vona,NA
2019,10,28,Monday,11,45,NA,NA,bottle,2,oz,vona,NA
2019,10,28,Monday,13,25,NA,NA,bottle,2,oz,vona,NA
2019,10,28,Monday,15,0,NA,NA,bottle,2,oz,vona,NA
2019,10,28,Monday,10,53,11,45,nap,NA,,vona,NA
2019,10,28,Monday,12,19,12,30,nap,NA,,vona,NA
2019,10,29,Tuesday,7,45,NA,NA,wet,NA,,ap,NA
2019,10,29,Tuesday,9,45,NA,NA,wet,NA,,ap,NA
2019,10,29,Tuesday,11,30,NA,NA,wet,NA,,jd,NA
2019,10,29,Tuesday,14,10,NA,NA,wet,NA,,ap,NA
2019,10,29,Tuesday,15,15,NA,NA,wet,NA,,ap,NA
2019,10,29,Tuesday,8,0,NA,NA,bottle,2,oz,ap,NA
2019,10,29,Tuesday,8,50,NA,NA,bottle,2,oz,ap,NA
2019,10,29,Tuesday,10,20,NA,NA,bottle,3,oz,ap,NA
2019,10,29,Tuesday,12,5,NA,NA,bottle,3,oz,ap,NA
2019,10,29,Tuesday,13,20,NA,NA,bottle,3,oz,ap,NA
2019,10,29,Tuesday,14,55,NA,NA,bottle,2.5,oz,ap,NA
2019,10,29,Tuesday,10,29,11,30,nap,NA,,ap,NA
2019,10,29,Tuesday,13,29,14,5,nap,NA,,ap,NA
2019,10,29,Tuesday,10,15,NA,NA,solids,3,pepper,ap,NA
2019,10,29,Tuesday,14,30,NA,NA,solids,1,pepper_cheese,ap,NA
2019,10,30,Wednesday,7,5,NA,NA,dry,NA,,ap,NA
2019,10,30,Wednesday,7,50,NA,NA,wet,NA,,ap,NA
2019,10,30,Wednesday,10,0,NA,NA,wet,NA,,ap,NA
2019,10,30,Wednesday,12,20,NA,NA,wet,NA,,ap,NA
2019,10,30,Wednesday,13,50,NA,NA,wet,NA,,ap,NA
2019,10,30,Wednesday,15,13,NA,NA,wet,NA,,kc,NA
2019,10,30,Wednesday,8,20,NA,NA,bottle,1.5,oz,ap,NA
2019,10,30,Wednesday,8,45,NA,NA,bottle,2.5,oz,ap,NA
2019,10,30,Wednesday,10,30,NA,NA,bottle,3,oz,ap,NA
2019,10,30,Wednesday,11,45,NA,NA,bottle,2,oz,ap,NA
2019,10,30,Wednesday,12,45,NA,NA,bottle,3,oz,ap,NA
2019,10,30,Wednesday,13,45,NA,NA,bottle,1.5,oz,ap,NA
2019,10,30,Wednesday,14,15,NA,NA,bottle,3,oz,ap,NA
2019,10,30,Wednesday,10,15,NA,NA,solids,3,pepper_cheese,ap,NA
2019,10,30,Wednesday,13,0,NA,NA,solids,0,pepper_sweetpotato,ap,NA
2019,10,30,Wednesday,9,7,9,45,nap,NA,,ap,NA
2019,10,30,Wednesday,11,40,12,0,nap,NA,,ap,NA
2019,10,31,Thursday,7,10,NA,NA,wet,NA,,ap,NA
2019,10,31,Thursday,9,0,NA,NA,wet,NA,,ap,NA
2019,10,31,Thursday,11,0,NA,NA,wet,NA,,ap,NA
2019,10,31,Thursday,13,10,NA,NA,wet,NA,,ap,NA
2019,10,31,Thursday,14,50,NA,NA,wet,NA,,ap,NA
2019,10,31,Thursday,9,20,NA,NA,bottle,2.5,oz,ap,NA
2019,10,31,Thursday,10,0,NA,NA,bottle,2.5,oz,ap,NA
2019,10,31,Thursday,11,55,NA,NA,bottle,3,oz,ap,NA
2019,10,31,Thursday,13,45,NA,NA,bottle,2.5,oz,ap,NA
2019,10,31,Thursday,10,40,NA,NA,solids,3,squash_cheese,ap,NA
2019,10,31,Thursday,14,10,NA,NA,solids,2,pepper_cheese,ap,NA
2019,10,31,Thursday,12,5,13,5,nap,NA,,ap,NA
2019,11,1,Friday,8,10,NA,NA,wet,NA,,ap,NA
2019,11,1,Friday,10,15,NA,NA,wet,NA,,vona,NA
2019,11,1,Friday,12,1,NA,NA,wet,NA,,vona,NA
2019,11,1,Friday,14,0,NA,NA,wet,NA,,vona,NA
2019,11,1,Friday,15,10,NA,NA,bowel,NA,,vona,NA
2019,11,1,Friday,8,15,NA,NA,bottle,2.5,oz,ap,NA
2019,11,1,Friday,9,30,NA,NA,bottle,2.5,oz,vona,NA
2019,11,1,Friday,12,5,NA,NA,bottle,3,oz,vona,NA
2019,11,1,Friday,13,30,NA,NA,bottle,3,oz,vona,NA
2019,11,1,Friday,9,47,10,2,nap,NA,,vona,NA
2019,11,1,Friday,12,17,13,18,nap,NA,,vona,NA
2019,11,1,Friday,11,0,NA,NA,solids,4,egg_pepper,vona,NA
2019,11,1,Friday,14,25,NA,NA,solids,1,egg_pepper,vona,NA
2019,11,1,Friday,8,30,NA,NA,caregiver_change,NA,,ap_vona,NA
2019,11,4,Monday,7,16,NA,NA,dry,NA,,kc,NA
2019,11,4,Monday,8,0,NA,NA,wet,NA,,kc,NA
2019,11,4,Monday,8,30,NA,NA,caregiver_change,NA,,kc_ij,NA
2019,11,4,Monday,9,10,NA,NA,wet,NA,,ij,NA
2019,11,4,Monday,10,43,NA,NA,diaper,NA,,ij,NA
2019,11,4,Monday,12,20,NA,NA,bowel,NA,,ij,NA
2019,11,4,Monday,14,31,NA,NA,dry,NA,,ij,NA
2019,11,4,Monday,8,30,NA,NA,bottle,3,oz,ij,NA
2019,11,4,Monday,10,50,NA,NA,bottle,3,oz,ij,NA
2019,11,4,Monday,13,20,NA,NA,bottle,3,oz,ij,NA
2019,11,4,Monday,14,45,NA,NA,bottle,3,oz,ij,NA
2019,11,4,Monday,9,20,10,40,nap,NA,,ij,NA
2019,11,5,Tuesday,8,0,NA,NA,wet,NA,,ap,NA
2019,11,5,Tuesday,11,15,NA,NA,wet,NA,,ap,NA
2019,11,5,Tuesday,12,40,NA,NA,bowel,NA,,jd,NA
2019,11,5,Tuesday,13,45,NA,NA,wet,NA,,kc,NA
2019,11,5,Tuesday,15,5,NA,NA,wet,NA,,kc,NA
2019,11,5,Tuesday,9,53,11,7,nap,NA,,ap,NA
2019,11,5,Tuesday,13,57,NA,NA,caregiver_change,NA,,ap_kc,NA
2019,11,5,Tuesday,11,20,NA,NA,solids,3,pepper_bread,ap,NA
2019,11,5,Tuesday,14,0,NA,NA,solids,3,noodles_bread,ap,NA
2019,11,5,Tuesday,8,20,NA,NA,bottle,3,oz,ap,NA
2019,11,5,Tuesday,9,48,NA,NA,bottle,2.5,oz,ap,NA
2019,11,5,Tuesday,11,45,NA,NA,bottle,3,oz,ap,NA
2019,11,5,Tuesday,13,30,NA,NA,bottle,3,oz,ap,NA
2019,11,6,Wednesday,8,0,NA,NA,wet,NA,,ap,NA
2019,11,6,Wednesday,9,55,NA,NA,wet,NA,,ap,NA
2019,11,6,Wednesday,11,25,NA,NA,bowel,NA,,ap,NA
2019,11,6,Wednesday,13,20,NA,NA,wet,NA,,ap,NA
2019,11,6,Wednesday,8,20,NA,NA,bottle,3,oz,ap,NA
2019,11,6,Wednesday,10,0,NA,NA,bottle,3.5,oz,ap,NA
2019,11,6,Wednesday,11,30,NA,NA,bottle,3,oz,ap,NA
2019,11,6,Wednesday,13,45,NA,NA,bottle,3,oz,ap,NA
2019,11,6,Wednesday,8,33,9,3,nap,NA,,ap,NA
2019,11,6,Wednesday,10,20,NA,NA,solids,3,cauliflower,ap,NA
2019,11,6,Wednesday,10,20,NA,NA,solids,2,noodles,ap,NA
2019,11,6,Wednesday,14,15,NA,NA,solids,2,cauliflower_pepper,ap,NA
2019,11,7,Thursday,7,35,NA,NA,wet,NA,,ap,NA
2019,11,7,Thursday,9,26,NA,NA,wet,NA,,ap,NA
2019,11,7,Thursday,11,0,NA,NA,bowel,NA,,ap,NA
2019,11,7,Thursday,12,45,NA,NA,bowel,NA,,melody,NA
2019,11,7,Thursday,15,5,NA,NA,wet,NA,,ap,NA
2019,11,7,Thursday,7,55,NA,NA,bottle,2.5,oz,ap,NA
2019,11,7,Thursday,9,32,NA,NA,bottle,3,oz,ap,NA
2019,11,7,Thursday,11,0,NA,NA,bottle,3,oz,ap,NA
2019,11,7,Thursday,11,40,NA,NA,bottle,3,oz,ap,NA
2019,11,7,Thursday,13,15,NA,NA,bottle,3,oz,ap,NA
2019,11,7,Thursday,9,35,10,11,nap,NA,,ap,NA
2019,11,7,Thursday,13,55,15,0,nap,NA,,ap,NA
2019,11,7,Thursday,10,25,NA,NA,solids,1,pepper_cauliflower,ap,NA
2019,11,7,Thursday,13,20,NA,NA,solids,2,noodles,ap,NA
2019,11,7,Thursday,12,20,NA,NA,caregiver_change,NA,,ap_melody,NA
2019,11,7,Thursday,12,50,NA,NA,caregiver_change,NA,,melody_ap,NA
2019,11,8,Friday,8,5,NA,NA,wet,NA,,ap,NA
2019,11,8,Friday,9,48,NA,NA,wet,NA,,vona,NA
2019,11,8,Friday,11,45,NA,NA,wet,NA,,vona,NA
2019,11,8,Friday,12,17,NA,NA,bowel,NA,,vona,NA
2019,11,8,Friday,13,45,NA,NA,wet,NA,,vona,NA
2019,11,8,Friday,8,30,NA,NA,caregiver_change,NA,,ap_vona,NA
2019,11,8,Friday,11,13,11,32,nap,NA,,vona,NA
2019,11,8,Friday,8,50,NA,NA,bottle,4,oz,vona,NA
2019,11,8,Friday,11,0,NA,NA,bottle,3,oz,vona,NA
2019,11,8,Friday,11,45,NA,NA,bottle,3,oz,vona,NA
2019,11,8,Friday,3,12,NA,NA,trait_mass,8.48,kg,rainbow,NA
2019,11,8,Friday,3,12,NA,NA,trait_length,71.8,cm,rainbow,NA
2019,11,10,Sunday,NA,NA,NA,NA,skill_crawl_full,NA,,jsmkch,NA
2019,11,9,Saturday,NA,NA,NA,NA,skill_pullup_regularly,NA,,jsmkch,NA
2019,11,13,Wednesday,9,0,NA,NA,bowel,NA,,ap,NA
2019,11,13,Wednesday,10,45,NA,NA,wet,NA,,ap,NA
2019,11,13,Wednesday,12,50,NA,NA,wet,NA,,ap,NA
2019,11,13,Wednesday,15,0,NA,NA,wet,NA,,ap,NA
2019,11,13,Wednesday,11,30,NA,NA,bottle,3.5,,ap,NA
2019,11,13,Wednesday,13,0,NA,NA,bottle,3,,ap,NA
2019,11,13,Wednesday,11,45,12,20,nap,NA,,ap,NA
2019,11,13,Wednesday,11,0,NA,NA,solids,3,noodles_squash,ap,NA
2019,11,13,Wednesday,14,15,NA,NA,solids,2,squash,ap,NA
2019,11,12,Tuesday,7,55,NA,NA,dry,NA,,ap,NA
2019,11,12,Tuesday,8,30,NA,NA,wet,NA,,ap,NA
2019,11,12,Tuesday,10,30,NA,NA,wet,NA,,ap,NA
2019,11,12,Tuesday,13,15,NA,NA,wet,NA,,ap,NA
2019,11,12,Tuesday,13,55,NA,NA,bowel,NA,,ap,NA
2019,11,12,Tuesday,11,5,NA,NA,bottle,3.5,oz,ap,NA
2019,11,12,Tuesday,14,30,NA,NA,bottle,4,oz,ap,NA
2019,11,12,Tuesday,11,30,13,1,nap,NA,,ap,NA
2019,11,12,Tuesday,10,45,NA,NA,solids,NA,noodles_zucchini,ap,NA
2019,11,12,Tuesday,15,0,NA,NA,wet,NA,,ap,NA
2019,11,14,Thursday,7,35,NA,NA,wet,NA,,ap,NA
2019,11,14,Thursday,8,25,NA,NA,bowel,NA,,ap,NA
2019,11,14,Thursday,11,30,NA,NA,wet,NA,,jd,NA
2019,11,14,Thursday,13,20,NA,NA,bowel,NA,,ap,NA
2019,11,14,Thursday,15,3,NA,NA,wet,NA,,kc,NA
2019,11,14,Thursday,8,20,NA,NA,bottle,1.5,oz,ap,NA
2019,11,14,Thursday,11,30,NA,NA,bottle,4,oz,jd,NA
2019,11,14,Thursday,14,5,NA,NA,bottle,5,oz,ap,NA
2019,11,14,Thursday,12,30,NA,NA,solids,2,noodles_zucchini,ap,NA
2019,11,14,Thursday,14,30,NA,NA,solids,5,zucchini,ap,NA
2019,11,14,Thursday,9,17,11,25,nap,NA,,jd,NA
2019,11,15,Friday,6,0,NA,NA,amoxicilin,7,mL,jsmkch,NA
2019,11,15,Friday,18,0,NA,NA,amoxicilin,7,mL,jsmkch,NA
2019,11,14,Thursday,6,0,NA,NA,amoxicilin,7,mL,jsmkch,NA
2019,11,14,Thursday,18,0,NA,NA,amoxicilin,7,mL,jsmkch,NA
2019,11,13,Wednesday,6,0,NA,NA,amoxicilin,7,mL,jsmkch,NA
2019,11,13,Wednesday,18,0,NA,NA,amoxicilin,7,mL,jsmkch,NA
2019,11,12,Tuesday,6,0,NA,NA,amoxicilin,7,mL,jsmkch,NA
2019,11,12,Tuesday,18,0,NA,NA,amoxicilin,7,mL,jsmkch,NA
2019,11,15,Friday,7,0,NA,NA,wet,NA,,kc,NA
2019,11,15,Friday,9,0,NA,NA,wet,NA,,vona,NA
2019,11,15,Friday,11,21,NA,NA,wet,NA,,vona,NA
2019,11,15,Friday,13,16,NA,NA,wet,NA,,vona,NA
2019,11,15,Friday,15,15,NA,NA,wet,NA,,vona,NA
2019,11,15,Friday,8,18,NA,NA,bottle,0,oz,vona,NA
2019,11,15,Friday,9,15,NA,NA,bottle,3,oz,vona,NA
2019,11,15,Friday,11,15,NA,NA,bottle,4,oz,vona,NA
2019,11,15,Friday,13,30,NA,NA,bottle,3,oz,vona,NA
2019,11,15,Friday,14,15,NA,NA,bottle,4,oz,vona,NA
2019,11,15,Friday,11,30,12,12,nap,NA,,vona,NA
2019,11,15,Friday,11,0,NA,NA,solids,2,zucchini,vona,NA
2019,11,15,Friday,14,0,NA,NA,solids,0,zucchini,vona,NA
2019,11,15,Friday,8,15,NA,NA,caregiver_change,NA,,kc_vona,NA
2019,11,19,Tuesday,7,40,NA,NA,wet,NA,,ap,NA
2019,11,19,Tuesday,9,45,NA,NA,wet,NA,,ap,NA
2019,11,19,Tuesday,12,20,NA,NA,wet,NA,,ap,NA
2019,11,19,Tuesday,14,15,NA,NA,wet,NA,,ap,NA
2019,11,19,Tuesday,8,40,NA,NA,bottle,1.5,oz,ap,NA
2019,11,19,Tuesday,10,30,NA,NA,bottle,4,oz,ap,NA
2019,11,19,Tuesday,12,35,NA,NA,bottle,3,oz,ap,NA
2019,11,19,Tuesday,14,20,NA,NA,bottle,4,oz,ap,NA
2019,11,19,Tuesday,8,0,NA,NA,solids,2,toast_egg,ap,NA
2019,11,19,Tuesday,10,15,NA,NA,solids,3,egg,ap,NA
2019,11,19,Tuesday,14,0,NA,NA,solids,3,egg,ap,NA
2019,11,19,Tuesday,10,45,12,0,nap,NA,,ap,NA
2019,11,18,Monday,6,0,NA,NA,amoxicilin,7,ml,jsmkch,NA
2019,11,18,Monday,8,38,NA,NA,wet,NA,,vona,NA
2019,11,18,Monday,10,36,NA,NA,wet,NA,,vona,NA
2019,11,18,Monday,12,38,NA,NA,wet,NA,,vona,NA
2019,11,18,Monday,12,57,NA,NA,bowel,NA,,vona,NA
2019,11,18,Monday,15,0,NA,NA,wet,NA,,vona,NA
2019,11,18,Monday,9,0,NA,NA,bottle,6,oz,vona,NA
2019,11,18,Monday,11,30,NA,NA,bottle,3,oz,vona,NA
2019,11,18,Monday,13,0,NA,NA,bottle,3,oz,vona,NA
2019,11,18,Monday,15,0,NA,NA,bottle,2,oz,vona,NA
2019,11,18,Monday,11,0,NA,NA,solids,3,irongoo,vona,NA
2019,11,18,Monday,14,25,NA,NA,solids,3,irongoo,vona,NA
2019,11,18,Monday,11,30,11,59,nap,NA,,vona,NA
2019,11,18,Monday,13,13,13,58,nap,NA,,vona,NA
2019,11,21,Thursday,8,40,8,47,bottle,3.1,oz,jsm,NA
2019,11,21,Thursday,7,15,NA,NA,solids,1,sausage,jsm,NA
2019,11,21,Thursday,10,15,11,45,nap,NA,,jsm,NA
2019,11,21,Thursday,11,40,NA,NA,trait_mass,8.79,kg,rainbow,NA
2019,11,21,Thursday,11,40,NA,NA,trait_length,73,cm,rainbow,NA
2019,11,20,Wednesday,7,30,NA,NA,wet,NA,,ap,NA
2019,11,20,Wednesday,9,15,NA,NA,bowel,NA,,ap,NA
2019,11,20,Wednesday,12,5,NA,NA,wet,NA,,ap,NA
2019,11,20,Wednesday,13,30,NA,NA,bowel,NA,,ap,NA
2019,11,20,Wednesday,15,0,NA,NA,dry,NA,,ap,NA
2019,11,20,Wednesday,8,30,NA,NA,solids,3.5,,ap,NA
2019,11,20,Wednesday,10,30,NA,NA,solids,2,,ap,NA
2019,11,20,Wednesday,12,20,NA,NA,solids,5,,ap,NA
2019,11,20,Wednesday,14,50,NA,NA,solids,4,,ap,NA
2019,11,20,Wednesday,8,10,NA,NA,solids,3,egg,ap,NA
2019,11,20,Wednesday,10,15,NA,NA,solids,3,irongoo,ap,NA
2019,11,20,Wednesday,13,45,NA,NA,solids,2,irongoo,ap,NA
2019,11,20,Wednesday,10,47,12,2,nap,NA,,ap,NA
2019,12,5,Thursday,7,45,NA,NA,wet,NA,,ap,NA
2019,12,5,Thursday,9,20,NA,NA,wet,NA,,ap,NA
2019,12,5,Thursday,12,15,NA,NA,wet,NA,,jd,NA
2019,12,5,Thursday,14,25,NA,NA,wet,NA,,ap,NA
2019,12,5,Thursday,8,5,NA,NA,bottle,3,oz,ap,NA
2019,12,5,Thursday,9,45,NA,NA,bottle,3.5,oz,ap,NA
2019,12,5,Thursday,12,20,NA,NA,bottle,3.5,oz,ap,NA
2019,12,5,Thursday,14,30,NA,NA,bottle,2,oz,ap,NA
2019,12,5,Thursday,10,45,12,10,nap,NA,,ap,NA
2019,12,5,Thursday,8,0,NA,NA,solids,2,irongoo,ap,NA
2019,12,5,Thursday,10,20,NA,NA,solids,3,irongoo,ap,NA
2019,12,5,Thursday,14,10,NA,NA,solids,3,irongoo,ap,NA
2019,12,4,Wednesday,8,10,NA,NA,wet,NA,,ap,NA
2019,12,4,Wednesday,9,35,NA,NA,bowel,NA,,ap,NA
2019,12,4,Wednesday,11,15,NA,NA,wet,NA,,ap,NA
2019,12,4,Wednesday,12,45,NA,NA,wet,NA,,ap,NA
2019,12,4,Wednesday,14,40,NA,NA,wet,NA,,ap,NA
2019,12,4,Wednesday,8,30,NA,NA,bottle,4,oz,ap,NA
2019,12,4,Wednesday,10,0,NA,NA,bottle,3,oz,ap,NA
2019,12,4,Wednesday,11,20,NA,NA,bottle,2,oz,ap,NA
2019,12,4,Wednesday,12,50,NA,NA,bottle,1.5,oz,ap,NA
2019,12,4,Wednesday,8,0,NA,NA,solids,3,irongoo,ap,NA
2019,12,4,Wednesday,11,0,NA,NA,solids,3,irongoo,ap,NA
2019,12,4,Wednesday,14,10,NA,NA,solids,2,irongoo,ap,NA
2019,12,4,Wednesday,12,0,12,40,nap,NA,,ap,NA
2019,12,4,Wednesday,14,30,NA,NA,bottle,3,oz,ap,NA
2019,12,3,Tuesday,8,50,NA,NA,dry,NA,,kc,NA
2019,12,3,Tuesday,9,30,NA,NA,wet,NA,,kc,NA
2019,12,3,Tuesday,11,30,NA,NA,dry,NA,,kc,NA
2019,12,3,Tuesday,13,20,NA,NA,wet,NA,,kc,NA
2019,12,3,Tuesday,15,7,NA,NA,bowel,NA,,kc,NA
2019,12,3,Tuesday,9,0,NA,NA,bottle,3,oz,kc,NA
2019,12,3,Tuesday,11,0,NA,NA,bottle,3,oz,kc,NA
2019,12,3,Tuesday,13,24,NA,NA,bottle,3,oz,kc,NA
2019,12,3,Tuesday,14,35,NA,NA,bottle,3,oz,kc,NA
2019,12,3,Tuesday,13,50,14,30,nap,NA,,kc,NA
2019,12,3,Tuesday,10,45,NA,NA,solids,3,irongoo,kc,NA
2019,12,3,Tuesday,14,35,NA,NA,solids,3,irongoo,kc,NA
2019,12,3,Tuesday,7,13,NA,NA,trait_tooth_incisor_upper_right,NA,,jsmkch,NA
2019,12,7,Saturday,12,55,NA,NA,trait_tooth_incisor_upper_left,NA,,jsmkch,NA
2019,12,10,Tuesday,8,0,NA,NA,wet,NA,,ap,NA
2019,12,10,Tuesday,9,50,NA,NA,wet,NA,,ap,NA
2019,12,10,Tuesday,11,30,NA,NA,wet,NA,,ap,NA
2019,12,10,Tuesday,13,45,NA,NA,wet,NA,,ap,NA
2019,12,10,Tuesday,15,20,NA,NA,bowel,NA,,ap,NA
2019,12,10,Tuesday,9,25,NA,NA,bottle,4,oz,ap,NA
2019,12,10,Tuesday,11,15,NA,NA,bottle,4,oz,ap,NA
2019,12,10,Tuesday,14,40,NA,NA,bottle,3,oz,ap,NA
2019,12,10,Tuesday,10,10,11,0,nap,NA,,ap,NA
2019,12,10,Tuesday,8,20,NA,NA,solids,3,biscuit_gravy_orange,ap,NA
2019,12,10,Tuesday,11,20,NA,NA,solids,3,greenbeans,ap,NA
2019,12,10,Tuesday,14,20,NA,NA,solids,2,graham_crackers,ap,NA
2019,12,12,Thursday,7,40,NA,NA,wet,NA,,ap,NA
2019,12,12,Thursday,9,50,NA,NA,wet,NA,,ap,NA
2019,12,12,Thursday,11,30,NA,NA,wet,NA,,ap,NA
2019,12,12,Thursday,13,20,NA,NA,wet,NA,,ap,NA
2019,12,12,Thursday,15,0,NA,NA,wet,NA,,kc,NA
2019,12,12,Thursday,9,55,NA,NA,bottle,2,oz,ap,NA
2019,12,12,Thursday,10,25,NA,NA,bottle,3,oz,ap,NA
2019,12,12,Thursday,13,10,NA,NA,bottle,1,oz,ap,NA
2019,12,12,Thursday,14,57,NA,NA,bottle,3,oz,ap,NA
2019,12,12,Thursday,10,30,11,20,nap,NA,,ap,NA
2019,12,12,Thursday,8,15,NA,NA,solids,3,banana_toast,ap,NA
2019,12,12,Thursday,12,15,NA,NA,solids,2,turkey_cheese_applesauce,ap,NA
2019,12,12,Thursday,14,0,NA,NA,solids,3,crackers_cheese,ap,NA
2019,12,9,Monday,7,45,NA,NA,wet,NA,,ap,NA
2019,12,9,Monday,9,30,NA,NA,wet,NA,,ap,NA
2019,12,9,Monday,12,20,NA,NA,wet,NA,,vona,NA
2019,12,9,Monday,14,20,NA,NA,wet,NA,,ap,NA
2019,12,9,Monday,11,5,12,12,nap,NA,,vona,NA
2019,12,9,Monday,9,55,NA,NA,bottle,4,oz,ap,NA
2019,12,9,Monday,10,45,NA,NA,bottle,4,oz,ap,NA
2019,12,9,Monday,13,0,NA,NA,bottle,2,oz,ap,NA
2019,12,9,Monday,14,25,NA,NA,bottle,0,oz,ap,NA
2019,12,9,Monday,8,0,NA,NA,solids,4,waffle,ap,NA
2019,12,9,Monday,10,30,NA,NA,solids,4,irongoo,ap,NA
2019,12,9,Monday,14,10,NA,NA,solids,1,apple,ap,NA
2019,12,17,Tuesday,7,30,NA,NA,wet,NA,,ap,NA
2019,12,17,Tuesday,9,15,NA,NA,wet,NA,,ap,NA
2019,12,17,Tuesday,12,23,NA,NA,wet,NA,,ap,NA
2019,12,17,Tuesday,14,15,NA,NA,dry,NA,,ap,NA
2019,12,17,Tuesday,10,40,NA,NA,bottle,3,oz,ap,NA
2019,12,17,Tuesday,13,45,NA,NA,bottle,4,oz,ap,NA
2019,12,17,Tuesday,11,5,12,20,nap,NA,,ap,NA
2019,12,17,Tuesday,8,0,NA,NA,solids,3,waffle,ap,NA
2019,12,17,Tuesday,10,30,NA,NA,solids,0,ham_squash_corn,ap,NA
2019,12,17,Tuesday,14,0,NA,NA,solids,3,bread_raisin,ap,NA
2019,12,19,Thursday,8,10,NA,NA,wet,NA,,ap,NA
2019,12,19,Thursday,10,5,NA,NA,wet,NA,,ap,NA
2019,12,19,Thursday,13,7,NA,NA,bowel,NA,,ap,NA
2019,12,19,Thursday,15,0,NA,NA,dry,NA,,ap,NA
2019,12,19,Thursday,8,55,NA,NA,bottle,1,oz,ap,NA
2019,12,19,Thursday,13,13,NA,NA,bottle,1,oz,ap,NA
2019,12,19,Thursday,13,40,NA,NA,bottle,2,oz,ap,NA
2019,12,19,Thursday,7,50,NA,NA,solids,2.5,irongoo,ap,NA
2019,12,19,Thursday,10,20,NA,NA,solids,3,carrot,ap,NA
2019,12,19,Thursday,14,30,NA,NA,solids,3,irongoo_carrot,ap,NA
2019,12,19,Thursday,11,28,13,5,nap,NA,,ap,NA
2019,12,18,Wednesday,8,0,NA,NA,wet,NA,,ap,NA
2019,12,18,Wednesday,10,5,NA,NA,wet,NA,,ap,NA
2019,12,18,Wednesday,12,25,NA,NA,wet,NA,,ij,NA
2019,12,18,Wednesday,14,25,NA,NA,wet,NA,,ap,NA
2019,12,18,Wednesday,15,22,NA,NA,dry,NA,,kc,NA
2019,12,18,Wednesday,9,55,NA,NA,bottle,3,oz,ap,NA
2019,12,18,Wednesday,11,5,NA,NA,bottle,1,oz,ap,NA
2019,12,18,Wednesday,13,0,NA,NA,bottle,2,oz,ap,NA
2019,12,18,Wednesday,11,10,12,15,nap,NA,,ap,NA
2019,12,18,Wednesday,7,50,NA,NA,solids,3,irongoo,ap,NA
2019,12,18,Wednesday,10,30,NA,NA,solids,1,squash,ap,NA
2019,12,18,Wednesday,14,0,NA,NA,solids,3,irongoo,ap,NA
2019,12,13,Friday,7,0,NA,NA,dry,NA,,kc,NA
2019,12,13,Friday,9,30,NA,NA,wet,NA,,kc,NA
2019,12,13,Friday,10,25,NA,NA,wet,NA,,kc,NA
2019,12,13,Friday,12,55,NA,NA,wet,NA,,kc,NA
2019,12,13,Friday,14,55,NA,NA,wet,NA,,kc,NA
2019,12,13,Friday,8,0,NA,NA,bottle,3,oz,kc,NA
2019,12,13,Friday,10,45,NA,NA,bottle,3,oz,kc,NA
2019,12,13,Friday,13,30,NA,NA,bottle,1,oz,kc,NA
2019,12,13,Friday,14,30,NA,NA,bottle,3,oz,kc,NA
2019,12,13,Friday,11,0,12,49,nap,NA,,kc,NA
2019,12,13,Friday,10,50,NA,NA,solids,3,irongoo_vegetable,kc,NA
2019,12,13,Friday,14,0,NA,NA,solids,3,irongoo,kc,NA
2020,1,6,Monday,7,14,NA,NA,dry,NA,,kc,NA
2020,1,6,Monday,9,0,NA,NA,wet,NA,,ap,NA
2020,1,6,Monday,12,30,NA,NA,wet,NA,,ap,NA
2020,1,6,Monday,14,20,NA,NA,wet,NA,,ap,NA
2020,1,6,Monday,9,10,NA,NA,bottle,3,oz,ap,NA
2020,1,6,Monday,13,25,NA,NA,bottle,4,oz,ap,NA
2020,1,6,Monday,11,10,12,17,nap,NA,,ap,NA
2020,1,6,Monday,8,0,NA,NA,solids,3,raisinbran,ap,NA
2020,1,6,Monday,10,45,NA,NA,solids,3,meatballs_mashedpotato_strawberry,ap,NA
2020,1,6,Monday,13,45,NA,NA,solids,3,cheese,ap,NA
2019,12,11,Wednesday,7,30,NA,NA,wet,NA,,kc,NA
2019,12,11,Wednesday,9,30,NA,NA,wet,NA,,kc,NA
2019,12,11,Wednesday,11,35,NA,NA,wet,NA,,ap,NA
2019,12,11,Wednesday,14,18,NA,NA,wet,NA,,ap,NA
2019,12,11,Wednesday,8,30,NA,NA,bottle,3,oz,kc,NA
2019,12,11,Wednesday,10,7,NA,NA,bottle,4,oz,kc,NA
2019,12,11,Wednesday,14,5,NA,NA,bottle,4,oz,ap,NA
2019,12,11,Wednesday,14,48,NA,NA,bottle,3,oz,ap,NA
2019,12,11,Wednesday,10,35,11,32,nap,NA,,ap,NA
2019,12,11,Wednesday,8,0,NA,NA,solids,3,cheerio,kc,NA
2019,12,11,Wednesday,11,40,NA,NA,solids,2.5,ham_mashedpotato_strawberry,ap,NA
2019,12,11,Wednesday,14,0,NA,NA,solids,3,gcracker_apple,ap,NA
2020,1,8,Wednesday,10,10,NA,NA,wet,NA,,ap,NA
2020,1,8,Wednesday,12,30,NA,NA,wet,NA,,kc,NA
2020,1,8,Wednesday,14,25,NA,NA,wet,NA,,ap,NA
2020,1,8,Wednesday,11,5,NA,NA,bottle,2,oz,ap,NA
2020,1,8,Wednesday,13,15,NA,NA,bottle,3,oz,ap,NA
2020,1,8,Wednesday,11,15,12,30,nap,NA,,ap,NA
2020,1,8,Wednesday,10,30,NA,NA,solids,3,noodles,ap,NA
2020,1,8,Wednesday,14,10,NA,NA,solids,3,fruit,ap,NA
2020,1,13,Monday,7,45,NA,NA,wet,NA,,ap,NA
2020,1,13,Monday,9,55,NA,NA,wet,NA,,ap,NA
2020,1,13,Monday,12,25,NA,NA,wet,NA,,ap,NA
2020,1,13,Monday,13,50,NA,NA,wet,NA,,kc,NA
2020,1,13,Monday,11,7,12,20,nap,NA,,ap,NA
2020,1,13,Monday,11,5,NA,NA,bottle,1,oz,ap,NA
2020,1,13,Monday,14,0,NA,NA,bottle,2,oz,ap,NA
2020,1,13,Monday,8,15,NA,NA,solids,3,cheerios,ap,NA
2020,1,13,Monday,10,50,NA,NA,solids,3,noodles,ap,NA
2020,1,13,Monday,14,5,NA,NA,solids,2,apple,ap,NA
2020,1,14,Tuesday,8,10,NA,NA,wet,NA,,ap,NA
2020,1,14,Tuesday,10,10,NA,NA,wet,NA,,ap,NA
2020,1,14,Tuesday,12,0,NA,NA,wet,NA,,ap,NA
2020,1,14,Tuesday,14,30,NA,NA,wet,NA,,ap,NA
2020,1,14,Tuesday,9,15,NA,NA,bottle,2,oz,ap,NA
2020,1,14,Tuesday,13,10,NA,NA,bottle,0.5,oz,ap,NA
2020,1,14,Tuesday,10,27,11,30,nap,NA,,ap,NA
2020,1,14,Tuesday,8,40,NA,NA,solids,1,toast_apple,ap,NA
2020,1,14,Tuesday,11,30,NA,NA,solids,2.5,apple,ap,NA
2020,1,14,Tuesday,14,15,NA,NA,solids,3,fruit,ap,NA
2020,1,10,Friday,8,30,NA,NA,wet,NA,,ap,NA
2020,1,10,Friday,9,15,NA,NA,bowel,NA,,ap,NA
2020,1,10,Friday,12,50,NA,NA,wet,NA,,ap,NA
2020,1,10,Friday,9,0,NA,NA,bottle,1,oz,ap,NA
2020,1,10,Friday,11,20,NA,NA,bottle,2,oz,ap,NA
2020,1,10,Friday,8,0,NA,NA,solids,3,cheese_toast_apple,ap,NA
2020,1,10,Friday,11,5,NA,NA,solids,3,noodles_banana_veggies,ap,NA
2020,1,10,Friday,14,10,NA,NA,solids,3,gcracker,ap,NA
2020,1,10,Friday,11,25,12,30,nap,NA,,ap,NA
2020,1,9,Thursday,7,5,NA,NA,dry,NA,,kc,NA
2020,1,9,Thursday,8,30,NA,NA,wet,NA,,ap,NA
2020,1,9,Thursday,10,20,NA,NA,wet,NA,,ap,NA
2020,1,9,Thursday,12,45,NA,NA,wet,NA,,ap,NA
2020,1,9,Thursday,14,30,NA,NA,wet,NA,,ap,NA
2020,1,9,Thursday,9,35,NA,NA,bottle,1,oz,ap,NA
2020,1,9,Thursday,11,0,NA,NA,bottle,0,oz,ap,NA
2020,1,9,Thursday,12,55,NA,NA,bottle,1.5,oz,ap,NA
2020,1,9,Thursday,8,10,NA,NA,solids,2,fruit,ap,NA
2020,1,9,Thursday,10,40,NA,NA,solids,3,noodles,ap,NA
2020,1,9,Thursday,14,5,NA,NA,solids,3,fruit,ap,NA
2020,1,9,Thursday,11,10,11,45,nap,NA,,ap,NA
2020,1,15,Wednesday,8,30,NA,NA,wet,NA,,ap,NA
2020,1,15,Wednesday,10,6,NA,NA,bowel,NA,,kc,NA
2020,1,15,Wednesday,12,12,NA,NA,wet,NA,,ap,NA
2020,1,15,Wednesday,14,0,NA,NA,dry,NA,,ap,NA
2020,1,15,Wednesday,11,7,12,9,nap,NA,,ap,NA
2020,1,15,Wednesday,9,10,NA,NA,bottle,0,oz,ap,NA
2020,1,15,Wednesday,11,0,NA,NA,bottle,1,oz,ap,NA
2020,1,15,Wednesday,13,0,NA,NA,bottle,0,oz,ap,NA
2020,1,15,Wednesday,8,10,NA,NA,solids,3,cereal,ap,NA
2020,1,15,Wednesday,10,50,NA,NA,solids,2,turkey_potato_pineapple,ap,NA
2020,1,15,Wednesday,13,55,NA,NA,solids,NA,banana_animalcrackers,ap,NA
2020,1,16,Thursday,7,2,NA,NA,dry,NA,,kc,NA
2020,1,16,Thursday,8,30,NA,NA,wet,NA,,ap,NA
2020,1,16,Thursday,10,30,NA,NA,wet,NA,,ap,NA
2020,1,16,Thursday,12,20,NA,NA,wet,NA,,ap,NA
2020,1,16,Thursday,14,6,NA,NA,wet,NA,,kc,NA
2020,1,16,Thursday,9,30,NA,NA,bottle,0.5,oz,ap,NA
2020,1,16,Thursday,14,20,NA,NA,bottle,0,oz,ap,NA
2020,1,16,Thursday,11,20,12,15,nap,NA,,ap,NA
2020,1,16,Thursday,8,10,NA,NA,solids,3,toast_oatmeal,ap,NA
2020,1,16,Thursday,10,45,NA,NA,solids,3,chicken_broccoli_pineapple,ap,NA
2020,1,16,Thursday,12,25,NA,NA,solids,3,blueberries,ap,NA
2020,1,16,Thursday,13,45,NA,NA,solids,3,blueberries_animalcrackers_yogurt,ap,NA
2020,1,21,Tuesday,8,20,NA,NA,wet,NA,,ap,NA
2020,1,21,Tuesday,10,15,NA,NA,dry,NA,,ap,NA
2020,1,21,Tuesday,12,25,NA,NA,wet,NA,,kc,NA
2020,1,21,Tuesday,14,20,NA,NA,wet,NA,,ap,NA
2020,1,21,Tuesday,8,25,NA,NA,bottle,0,water,ap,NA
2020,1,21,Tuesday,9,40,NA,NA,bottle,0,water,ap,NA
2020,1,21,Tuesday,10,50,NA,NA,bottle,0,water,ap,NA
2020,1,21,Tuesday,13,0,NA,NA,bottle,1,oz,ap,NA
2020,1,21,Tuesday,11,5,12,20,nap,NA,,ap,NA
2020,1,21,Tuesday,8,5,NA,NA,solids,3,toast_oranges,ap,NA
2020,1,21,Tuesday,10,50,NA,NA,solids,3,fishsticks_borccoli_applesauce,ap,NA
2020,1,21,Tuesday,12,50,NA,NA,solids,3,carrots,ap,NA
2020,1,21,Tuesday,14,5,NA,NA,solids,3,gcrackers,ap,NA
2020,1,22,Wednesday,7,2,NA,NA,wet,NA,,kc,NA
2020,1,22,Wednesday,9,0,NA,NA,wet,NA,,mb,NA
2020,1,22,Wednesday,10,45,NA,NA,wet,NA,,kc,NA
2020,1,22,Wednesday,11,30,NA,NA,bowel,NA,,kc,NA
2020,1,22,Wednesday,13,59,NA,NA,wet,NA,,kc,NA
2020,1,22,Wednesday,10,30,NA,NA,bottle,0,water,kc,NA
2020,1,22,Wednesday,13,38,NA,NA,bottle,0,water,kc,NA
2020,1,22,Wednesday,14,29,NA,NA,bottle,2,oz,kc,NA
2020,1,22,Wednesday,11,55,13,0,nap,NA,,kc,NA
2020,1,22,Wednesday,8,0,NA,NA,solids,2.5,applesauce_eggs,kc,NA
2020,1,22,Wednesday,10,50,NA,NA,solids,3,noodles_veggies_cheese,kc,NA
2020,1,22,Wednesday,14,0,NA,NA,solids,3,crackers_cheese,kc,NA
2020,2,6,Thursday,NA,NA,NA,NA,trait_tooth_incisor_lateral_upper_right,NA,,kch,NA
2020,2,11,Tuesday,NA,NA,NA,NA,trait_tooth_incisor_lateral_upper_left,NA,,jsm,NA
2020,1,30,Thursday,NA,NA,NA,NA,trait_length,74.9,cm,rainbow,NA
2020,1,30,Thursday,NA,NA,NA,NA,trait_mass,9.92,kg,rainbow,NA
2020,1,30,Thursday,NA,NA,NA,NA,trait_head_circum,45.7,cm,rainbow,NA
2020,2,10,Monday,NA,NA,NA,NA,skill_step,NA,,kc,NA
2020,3,13,Friday,NA,NA,NA,NA,trait_mass,10.348,kg,rainbow,NA
2020,3,10,Tuesday,NA,NA,NA,NA,skill_walking,NA,,jsmkch,NA
2020,3,13,Friday,18,0,NA,NA,amoxicilin,3,mL,jsm,NA
2020,3,14,Saturday,8,0,NA,NA,amoxicilin,3,mL,jsm,NA
2020,3,14,Saturday,18,0,NA,NA,amoxicilin,3,mL,jsm,NA
2020,3,15,Sunday,8,0,NA,NA,amoxicilin,3,mL,jsm,NA
2020,3,15,Sunday,18,0,NA,NA,amoxicilin,3,mL,jsm,NA
2020,3,16,Monday,8,0,NA,NA,amoxicilin,3,mL,jsm,NA
2020,3,16,Monday,18,0,NA,NA,amoxicilin,3,mL,jsm,NA
2020,3,17,Tuesday,8,0,NA,NA,amoxicilin,3,mL,jsm,NA
2020,3,17,Tuesday,18,0,NA,NA,amoxicilin,3,mL,jsm,NA
2020,3,14,Saturday,8,0,NA,NA,predisolone,5,mL,jsm,NA
2020,3,15,Sunday,8,0,NA,NA,predisolone,5,mL,jsm,NA
2020,3,16,Monday,8,0,NA,NA,predisolone,5,mL,jsm,NA
2020,3,17,Tuesday,8,0,NA,NA,predisolone,5,mL,jsm,NA
2020,3,18,Wednesday,8,0,NA,NA,predisolone,5,mL,jsm,NA
2020,3,12,Thursday,NA,NA,NA,NA,start_home_covid19,NA,,jsm,NA
2020,3,18,Wednesday,8,0,NA,NA,amoxicilin,3,mL,jsm,NA
2020,3,18,Wednesday,18,0,NA,NA,amoxicilin,3,mL,jsm,NA
2020,3,19,Thursday,8,0,NA,NA,amoxicilin,3,mL,jsm,NA
2020,3,20,Friday,8,0,NA,NA,amoxicilin,3,mL,jsm,NA
2020,3,20,Friday,18,0,NA,NA,amoxicilin,3,mL,jsm,NA
2020,3,21,Saturday,8,0,NA,NA,amoxicilin,3,mL,jsm,NA
2020,4,7,Tuesday,NA,NA,NA,NA,trait_tooth_incisor_lower_right_lateral,NA,,kch,NA
2020,4,16,Wednesday,NA,NA,NA,NA,trait_tooth_incisor_lower_left_lateral,NA,,jsm,NA
2020,5,25,Monday,NA,NA,NA,NA,trait_tooth_molar_lower_right,NA,,jsm,NA
2020,5,25,Monday,NA,NA,NA,NA,trait_tooth_molar_lower_left,NA,,jsm,NA
2020,4,30,Thursday,NA,NA,NA,NA,trait_mass,10.66,kg,rainbow,NA
2020,4,30,Thursday,NA,NA,NA,NA,trait_length,80.01,cm,rainbow,NA
2020,6,15,Monday,NA,NA,NA,NA,trait_tooth_canine_lower_right,NA,,jsm,NA
2020,6,15,Monday,NA,NA,NA,NA,trait_tooth_canine_lower_left,NA,,jsm,NA
2020,6,20,Saturday,NA,NA,NA,NA,trait_tooth_molar_upper_right,NA,,kch,NA
2020,8,10,Monday,NA,NA,NA,NA,trait_mass,11.82,kg,rainbow,NA
2020,7,31,Friday,NA,NA,NA,NA,trait_mass,11.57,kg,hottinger,NA
2020,8,10,Monday,NA,NA,NA,NA,trait_length,83.82,cm,rainbow,NA
2020,6,25,Thursday,NA,NA,NA,NA,trait_tooth_molar_upper_left,NA,,kch,NA
2020,12,7,Monday,NA,NA,NA,NA,skill_self_reference,NA,"our car zoom beren" ah cah zoom beh,jsm,NA
2020,11,18,Wednesday,NA,NA,NA,NA,start_home_covid19,NA,,jsm,NA
2020,8,11,Tuesday,NA,NA,NA,NA,stop_home_covid19,NA,,jsm,NA
2020,11,7,Saturday,NA,NA,NA,NA,skill_sentence,NA,"cars go zoom" cah zoom,jsm,NA
2020,12,14,Monday,NA,NA,NA,NA,skill_count,NA,to four; counted two blocks when I tried to trick him,jsm,NA
2021,1,28,Wednesday,9,0,NA,NA,dry,NA,,aym,NA
2021,1,28,Wednesday,10,39,NA,NA,wet,NA,,aym,NA
2021,1,28,Wednesday,13,50,NA,NA,wet,NA,,aym,NA
2021,1,28,Wednesday,11,40,13,50,nap,NA,,aym,NA
2021,1,27,Tuesday,8,0,NA,NA,wet,NA,,aym,NA
2021,1,27,Tuesday,10,30,NA,NA,bowel,NA,,aym,NA
2021,1,27,Tuesday,13,45,NA,NA,wet,NA,,aym,NA
2021,1,27,Tuesday,11,30,13,45,nap,NA,,aym,NA
2020,8,27,,8,5,NA,NA,wet,NA,,ap,NA
2020,8,27,,10,30,NA,NA,wet,NA,,am,NA
2020,8,27,,13,40,NA,NA,wet,NA,,kc,NA
2020,8,27,,15,5,NA,NA,wet,NA,,kc,NA
2020,8,27,,11,50,13,40,nap,NA,,am,NA
2021,1,22,Thursday,8,39,NA,NA,wet,NA,,ap,NA
2021,1,22,Thursday,10,39,NA,NA,wet,NA,,kc,NA
2021,1,22,Thursday,13,45,NA,NA,wet,NA,,kc,NA
2021,1,22,Thursday,11,30,13,45,nap,NA,,kc,NA
2020,3,9,,8,5,NA,NA,wet,NA,,ap,NA
2020,3,9,,9,38,NA,NA,wet,NA,,kc,NA
2020,3,9,,11,0,NA,NA,wet,NA,,kc,NA
2020,3,9,,13,0,NA,NA,wet,NA,,kc,NA
2020,3,9,,9,0,NA,NA,bottle,2,oz,kc,NA
2020,3,9,,11,15,NA,NA,bottle,2,oz,kc,NA
2020,3,9,,11,45,12,45,nap,NA,,kc,NA
2020,3,12,,10,0,NA,NA,wet,NA,,ij,NA
2020,3,12,,13,25,NA,NA,wet,NA,,jd,NA
2021,1,20,Wednesday,9,0,NA,NA,wet,NA,,aym,NA
2021,1,20,Wednesday,10,30,NA,NA,bowel,NA,,aym,NA
2021,1,20,Wednesday,13,57,NA,NA,wet,NA,,aym,NA
2021,1,20,Wednesday,12,0,13,0,nap,NA,,aym,NA
2021,1,21,Thursday,9,0,NA,NA,wet,NA,,ap,NA
2021,1,21,Thursday,10,30,NA,NA,wet,NA,,aym,NA
2021,1,21,Thursday,13,30,NA,NA,wet,NA,,aym,NA
2021,1,21,Thursday,11,48,13,0,nap,NA,,aym,NA
2020,2,26,,7,30,NA,NA,wet,NA,,ap,NA
2020,2,26,,9,13,NA,NA,dry,NA,,ij,NA
2020,2,26,,10,33,NA,NA,wet,NA,,kc,NA
2020,2,26,,13,0,NA,NA,dry,NA,,ij,NA
2020,2,26,,14,22,NA,NA,wet,NA,,kc,NA
2020,2,26,,8,0,NA,NA,bottle,3,oz,kc,NA
2020,2,26,,10,0,NA,NA,bottle,3,oz,kc,NA
2020,2,26,,11,0,NA,NA,bottle,3,oz,kc,NA
2020,2,26,,14,0,NA,NA,water,NA,,ij,NA
2020,2,26,,11,10,12,52,nap,NA,,kc,NA
2020,3,3,,8,5,NA,NA,wet,NA,,ap,NA
2020,3,3,,10,40,NA,NA,wet,NA,,kc,NA
2020,3,3,,13,47,NA,NA,wet,NA,,kc,NA
2020,3,3,,9,0,NA,NA,bottle,4,oz,kc,NA
2020,3,3,,11,0,NA,NA,bottle,4,oz,kc,NA
2020,3,3,,14,0,NA,NA,water,NA,,kc,NA
2020,3,3,,11,45,13,40,nap,NA,,kc,NA
2021,1,19,Tuesday,8,44,NA,NA,dry,NA,,aym,NA
2021,1,19,Tuesday,10,31,NA,NA,wet,NA,,aym,NA
2021,1,19,Tuesday,14,26,NA,NA,wet,NA,,mb,NA
2021,1,19,Tuesday,12,8,14,0,nap,NA,,aym,NA
2020,2,10,,8,50,NA,NA,wet,NA,,kc,NA
2020,2,10,,10,30,NA,NA,wet,NA,,kc,NA
2020,2,10,,12,30,NA,NA,wet,NA,,kc,NA
2020,2,10,,14,5,NA,NA,wet,NA,,kc,NA
2020,2,10,,8,0,NA,NA,bottle,3,oz,kc,NA
2020,2,10,,11,10,NA,NA,bottle,3,oz,kc,NA
2020,2,10,,13,10,NA,NA,water,NA,,kc,NA
2020,2,10,,14,9,NA,NA,water,NA,,kc,NA
2020,2,10,,11,30,12,15,nap,NA,,kc,NA
2020,2,20,,8,30,NA,NA,wet,NA,,ap,NA
2020,2,20,,10,30,NA,NA,wet,NA,,ap,NA
2020,2,20,,12,35,NA,NA,wet,NA,,ap,NA
2020,2,20,,14,14,NA,NA,wet,NA,,kc,NA
2020,2,20,,9,15,NA,NA,bottle,2,oz,ap,NA
2020,2,20,,11,10,NA,NA,bottle,1,oz,ap,NA
2020,2,20,,12,50,NA,NA,water,NA,,kc,NA
2020,2,20,,13,55,NA,NA,water,NA,,kc,NA
2020,2,20,,11,35,12,33,nap,NA,,kc,NA
2020,8,26,,7,45,NA,NA,dry,NA,,am,NA
2020,8,26,,8,40,NA,NA,bowel,NA,,ap,NA
2020,8,26,,11,45,NA,NA,dry,NA,,am,NA
2020,8,26,,13,30,NA,NA,wet,NA,,kc,NA
2020,8,26,,15,30,NA,NA,wet,NA,,kc,NA
2020,8,26,,11,20,NA,NA,bottle,3,oz,am,NA
2020,8,26,,14,0,NA,NA,water,NA,,ap,NA
2020,8,26,,8,0,NA,NA,water,NA,,ap,NA
2020,8,26,,11,50,13,30,nap,NA,,kc,NA
2020,3,5,,8,30,NA,NA,wet,NA,,ap,NA
2020,3,5,,10,30,NA,NA,wet,NA,,kc,NA
2020,3,5,,13,30,NA,NA,wet,NA,,kc,NA
2020,3,5,,9,30,NA,NA,bottle,1,oz,kc,NA
2020,3,5,,11,0,NA,NA,bottle,0,oz,kc,NA
2020,3,5,,13,45,NA,NA,water,NA,,kc,NA
2020,3,5,,14,30,NA,NA,bottle,0,oz,kc,NA
2020,3,5,,11,20,12,15,nap,NA,,kc,NA
2020,2,25,,8,30,NA,NA,wet,NA,,ap,NA
2020,2,25,,10,35,NA,NA,dry,NA,,ij,NA
2020,2,25,,12,45,NA,NA,wet,NA,,ij,NA
2020,2,25,,14,50,NA,NA,wet,NA,,ij,NA
2020,3,2,,8,15,NA,NA,wet,NA,,ap,NA
2020,3,2,,10,45,NA,NA,wet,NA,,kc,NA
2020,3,2,,12,45,NA,NA,wet,NA,,kc,NA
2020,3,2,,15,0,NA,NA,wet,NA,,ij,NA
2020,3,2,,9,0,NA,NA,bottle,4,oz,kc,NA
2020,3,2,,11,0,NA,NA,bottle,4,oz,kc,NA
2020,3,2,,11,30,12,30,nap,NA,,kc,NA
2020,8,24,,9,45,NA,NA,wet,NA,,ap,NA
2020,8,24,,11,54,NA,NA,wet,NA,,ap,NA
2020,8,24,,13,35,NA,NA,wet,NA,,ap,NA
2020,8,24,,13,57,NA,NA,bowel,NA,,ap,NA
2020,8,24,,15,10,NA,NA,wet,NA,,ap,NA
2020,8,24,,8,15,NA,NA,bottle,0,oz,ap,NA
2020,8,24,,10,35,NA,NA,water,1,oz,ap,NA
2020,8,24,,10,45,11,49,nap,NA,,ap,NA
2020,10,8,,8,15,NA,NA,wet,NA,,ap,NA
2020,10,8,,10,30,NA,NA,wet,NA,,am,NA
2020,10,8,,13,30,NA,NA,wet,NA,,am,NA
2020,10,8,,14,25,NA,NA,bowel,NA,,am,NA
2020,10,8,,11,30,13,30,nap,NA,,am,NA
2020,10,7,,7,45,NA,NA,bowel,NA,,am,NA
2020,10,7,,10,20,NA,NA,wet,NA,,ap,NA
2020,10,7,,13,25,NA,NA,wet,NA,,ap,NA
2020,10,7,,14,45,NA,NA,wet,NA,,am,NA
2020,10,7,,11,15,13,20,nap,NA,,ap,NA
2020,10,6,,8,15,NA,NA,wet,NA,,am,NA
2020,10,6,,10,5,NA,NA,wet,NA,,melody,NA
2020,10,6,,13,10,NA,NA,wet,NA,,melody,NA
2020,10,6,,11,30,13,0,nap,NA,,melody,NA
2020,9,1,,8,10,NA,NA,dry,NA,,ap,NA
2020,9,1,,10,30,NA,NA,bowel,NA,,am,NA
2020,9,1,,13,40,NA,NA,dry,NA,,am,NA
2020,9,1,,15,30,NA,NA,bowel,NA,,am,NA
2020,9,1,,11,45,13,40,nap,NA,,am,NA
2020,9,2,,8,30,NA,NA,bowel,NA,,aym,NA
2020,9,2,,10,30,NA,NA,wet,NA,,kc,NA
2020,9,2,,13,30,NA,NA,wet,NA,,am,NA
2020,9,2,,14,40,NA,NA,bowel,NA,,kc,NA
2020,9,2,,11,30,12,15,nap,NA,,kc,NA
2020,10,5,,8,0,NA,NA,wet,NA,,ap,NA
2020,10,5,,10,30,NA,NA,wet,NA,,kc,NA
2020,10,5,,13,35,NA,NA,wet,NA,,kc,NA
2020,10,5,,11,30,13,30,nap,NA,,kc,NA
2020,3,10,,8,40,NA,NA,wet,NA,,ap,NA
2020,3,10,,10,45,NA,NA,wet,NA,,kc,NA
2020,3,10,,12,35,NA,NA,dry,NA,,kc,NA
2020,3,10,,14,10,NA,NA,wet,NA,,kc,NA
2020,3,10,,9,0,NA,NA,bottle,1,oz,kc,NA
2020,3,10,,11,0,NA,NA,bottle,2,oz,kc,NA
2020,3,10,,12,37,NA,NA,water,NA,,kc,NA
2020,3,10,,14,0,NA,NA,water,NA,,kc,NA
2020,3,10,,11,45,12,30,nap,NA,,kc,NA
2020,2,13,,8,45,NA,NA,wet,NA,,ap,NA
2020,2,13,,9,15,NA,NA,bowel,NA,,ap,NA
2020,2,13,,10,40,NA,NA,wet,NA,,ij,NA
2020,2,13,,13,45,NA,NA,wet,NA,,ij,NA
2020,2,13,,11,20,13,0,nap,NA,,ij,NA
2020,2,5,,7,45,NA,NA,dry,NA,,ap,NA
2020,2,5,,8,55,NA,NA,wet,NA,,melody,NA
2020,2,5,,10,15,NA,NA,bowel,NA,,kc,NA
2020,2,5,,13,5,NA,NA,dry,NA,,melody,NA
2020,2,5,,9,30,NA,NA,bottle,3,oz,melody,NA
2020,2,5,,11,0,NA,NA,water,NA,,melody,NA
2020,2,5,,14,0,NA,NA,bottle,3,oz,melody,NA
2020,2,5,,11,10,12,55,nap,NA,,melody,NA
2020,2,19,,8,25,NA,NA,wet,NA,,ap,NA
2020,2,19,,10,15,NA,NA,wet,NA,,kc,NA
2020,2,19,,12,50,NA,NA,wet,NA,,ap,NA
2020,2,19,,13,15,NA,NA,bowel,NA,,ap,NA
2020,2,19,,9,15,NA,NA,bottle,2,oz,ap,NA
2020,2,19,,12,55,NA,NA,bottle,1,oz,ap,NA
2020,2,19,,11,10,12,15,nap,NA,,ap,NA
2020,2,14,,8,15,NA,NA,wet,NA,,ap,NA
2020,2,14,,10,5,NA,NA,wet,NA,,ap,NA
2020,2,14,,11,10,NA,NA,bowel,NA,,ap,NA
2020,2,14,,12,57,NA,NA,wet,NA,,ap,NA
2020,2,14,,14,15,NA,NA,wet,NA,,ap,NA
2020,2,14,,9,45,NA,NA,bottle,2,oz,ap,NA
2020,2,14,,12,45,NA,NA,bottle,2,oz,ap,NA
2020,2,14,,11,15,12,30,nap,NA,,ap,NA
2020,2,18,,8,5,NA,NA,wet,NA,,ap,NA
2020,2,18,,10,30,NA,NA,bowel,NA,,kc,NA
2020,2,18,,13,50,NA,NA,wet,NA,,kc,NA
2020,2,18,,9,0,NA,NA,bottle,3,oz,kc,NA
2020,2,18,,11,0,NA,NA,bottle,3,oz,kc,NA
2020,2,18,,14,0,NA,NA,water,NA,,kc,NA
2020,2,18,,11,20,13,20,nap,NA,,kc,NA
2020,2,11,,8,10,NA,NA,wet,NA,,ap,NA
2020,2,11,,10,15,NA,NA,wet,NA,,ap,NA
2020,2,11,,12,5,NA,NA,bowel,NA,,ap,NA
2020,2,11,,14,0,NA,NA,wet,NA,,ap,NA
2020,2,11,,9,15,NA,NA,bottle,2,,ap,NA
2020,2,11,,12,42,NA,NA,bottle,2,,ap,NA
2020,2,11,,13,40,NA,NA,bottle,1,,ap,NA
2020,2,11,,11,5,11,59,nap,NA,,ap,NA
2020,2,4,,7,30,NA,NA,wet,NA,,kc,NA
2020,2,4,,9,20,NA,NA,wet,NA,,ap,NA
2020,2,4,,11,45,NA,NA,wet,NA,,ap,NA
2020,2,4,,14,40,NA,NA,wet,NA,,ap,NA
2020,2,4,,9,0,NA,NA,bottle,3,oz,ap,NA
2020,2,4,,11,0,NA,NA,bottle,3,oz,ap,NA
2020,2,4,,13,35,NA,NA,bottle,3,oz,ap,NA
2020,2,4,,13,50,14,35,nap,NA,,ap,NA
2020,9,28,,7,45,NA,NA,bowel,NA,,kc,NA
2020,9,28,,10,30,NA,NA,wet,NA,,am,NA
2020,9,28,,13,30,NA,NA,wet,NA,,am,NA
2020,9,29,,8,0,NA,NA,wet,NA,,am,NA
2020,9,29,,9,45,NA,NA,bowel,NA,,am,NA
2020,9,29,,10,30,NA,NA,dry,NA,,am,NA
2020,9,29,,13,38,NA,NA,wet,NA,,am,NA
2020,9,29,,11,0,13,30,nap,NA,,am,NA
2020,9,30,,8,0,NA,NA,bowel,NA,,ap,NA
2020,9,30,,10,30,NA,NA,wet,NA,,am,NA
2020,9,30,,13,45,NA,NA,wet,NA,,am,NA
2020,9,30,,14,30,NA,NA,bowel,NA,,am,NA
2020,9,30,,11,30,13,40,nap,NA,,am,NA
2020,10,1,,8,0,NA,NA,bowel,NA,,am,NA
2020,10,1,,10,30,NA,NA,wet,NA,,am,NA
2020,10,1,,13,30,NA,NA,wet,NA,,kc,NA
2020,10,1,,11,30,13,30,nap,NA,,am,NA
2020,10,2,,8,15,NA,NA,bowel,NA,,kc,NA
2020,10,2,,10,15,NA,NA,dry,NA,,ap,NA
2020,10,2,,11,48,NA,NA,wet,NA,,ap,NA
2020,10,2,,13,40,NA,NA,wet,NA,,ap,NA
2020,10,2,,15,2,NA,NA,wet,NA,,ap,NA
2020,10,2,,10,57,11,46,nap,NA,,ap,NA
2020,1,21,,8,20,NA,NA,wet,NA,,ap,NA
2020,1,21,,10,15,NA,NA,dry,NA,,ap,NA
2020,1,21,,12,25,NA,NA,wet,NA,,kc,NA
2020,1,21,,14,20,NA,NA,wet,NA,,ap,NA
2020,1,21,,8,25,NA,NA,water,NA,,ap,NA
2020,1,21,,9,40,NA,NA,water,NA,,ap,NA
2020,1,21,,10,50,NA,NA,water,NA,,ap,NA
2020,1,21,,13,0,NA,NA,bottle,1,oz,ap,NA
2020,1,21,,11,5,12,20,nap,NA,,ap,NA
2020,2,21,,8,30,NA,NA,wet,NA,,ap,NA
2020,2,21,,10,10,NA,NA,bowel,NA,,ap,NA
2020,2,21,,12,45,NA,NA,wet,NA,,ap,NA
2020,2,21,,14,46,NA,NA,wet,NA,,kc,NA
2020,2,21,,9,20,NA,NA,bottle,2,oz,ap,NA
2020,2,21,,11,5,NA,NA,water,NA,,ap,NA
2020,2,21,,13,10,NA,NA,bottle,2,oz,ap,NA
2020,2,21,,11,25,12,8,nap,NA,,ap,NA
2020,2,6,,8,10,NA,NA,wet,NA,,ap,NA
2020,2,6,,10,5,NA,NA,bowel,NA,,ap,NA
2020,2,6,,9,25,NA,NA,bottle,3,oz,ap,NA
2020,2,6,,11,0,NA,NA,bottle,3,oz,ap,NA
2020,2,24,,8,20,NA,NA,wet,NA,,ap,NA
2020,2,24,,10,20,NA,NA,wet,NA,,kc,NA
2020,2,24,,13,30,NA,NA,wet,NA,,kc,NA
2020,2,24,,8,0,NA,NA,bottle,3,oz,kc,NA
2020,2,24,,11,0,NA,NA,bottle,3,oz,kc,NA
2020,2,24,,13,30,NA,NA,water,NA,,kc,NA
2020,2,24,,11,20,13,20,nap,NA,,kc,NA
2020,1,28,,8,10,NA,NA,wet,NA,,ap,NA
2020,1,28,,10,5,NA,NA,bowel,NA,,ap,NA
2020,1,28,,12,40,NA,NA,wet,NA,,ap,NA
2020,1,28,,14,15,NA,NA,dry,NA,,ap,NA
2020,1,28,,10,10,NA,NA,bottle,2,oz,ap,NA
2020,1,28,,11,10,NA,NA,bottle,1,oz,ap,NA
2020,1,28,,14,50,NA,NA,water,NA,,ap,NA
2020,1,28,,11,15,12,20,nap,NA,,ap,NA
2020,1,30,,8,20,NA,NA,wet,NA,,kc,NA
2020,1,30,,10,20,NA,NA,wet,NA,,kc,NA
2020,1,30,,12,32,NA,NA,wet,NA,,kc,NA
2020,1,30,,14,34,NA,NA,dry,NA,,kc,NA
2020,1,30,,8,50,NA,NA,bottle,3,oz,kc,NA
2020,1,30,,10,50,NA,NA,water,NA,,kc,NA
2020,1,30,,12,30,NA,NA,bottle,3,oz,kc,NA
2020,1,30,,14,12,NA,NA,bottle,3,oz,kc,NA
2020,1,30,,11,5,12,29,nap,NA,,kc,NA
2020,1,23,,7,14,NA,NA,wet,NA,,kc,NA
2020,1,23,,9,0,NA,NA,wet,NA,,ac,NA
2020,1,23,,10,30,NA,NA,wet,NA,,kc,NA
2020,1,23,,13,0,NA,NA,bowel,NA,,kc,NA
2020,1,23,,11,0,NA,NA,water,NA,,kc,NA
2020,1,23,,13,30,NA,NA,bottle,3,oz,kc,NA
2020,1,23,,11,10,12,50,nap,NA,,kc,NA
2020,1,17,,7,33,NA,NA,bowel,NA,,kc,NA
2020,1,17,,9,10,NA,NA,dry,NA,,ap,NA
2020,1,17,,10,30,NA,NA,wet,NA,,kc,NA
2020,1,17,,13,17,NA,NA,wet,NA,,kc,NA
2020,1,17,,14,5,NA,NA,wet,NA,,kc,NA
2020,1,17,,13,45,NA,NA,water,NA,,kc,NA
2020,1,17,,14,21,NA,NA,water,NA,,kc,NA
2020,1,17,,11,30,13,0,nap,NA,,kc,NA
2020,1,27,,8,30,NA,NA,wet,NA,,ap,NA
2020,1,27,,10,10,NA,NA,dry,NA,,ap,NA
2020,1,27,,12,20,NA,NA,wet,NA,,ap,NA
2020,1,27,,14,0,NA,NA,wet,NA,,ap,NA
2020,1,27,,9,40,NA,NA,water,NA,,ap,NA
2020,1,27,,10,50,NA,NA,water,NA,,ap,NA
2020,1,27,,14,10,NA,NA,bottle,2,oz,ap,NA
2020,1,27,,11,10,12,15,nap,NA,,ap,NA
2020,1,31,,8,45,NA,NA,wet,NA,,ap,NA
2020,1,31,,10,30,NA,NA,wet,NA,,ap,NA
2020,1,31,,12,50,NA,NA,wet,NA,,ap,NA
2020,1,31,,14,35,NA,NA,dry,NA,,ap,NA
2020,1,31,,8,10,NA,NA,water,NA,,ap,NA
2020,1,31,,11,0,NA,NA,water,NA,,ap,NA
2020,1,31,,14,15,NA,NA,water,NA,,ap,NA
2020,1,31,,11,17,12,30,nap,NA,,ap,NA
2020,2,28,,8,15,NA,NA,wet,NA,,ij,NA
2020,2,28,,10,20,NA,NA,wet,NA,,ap,NA
2020,2,28,,12,25,NA,NA,wet,NA,,ap,NA
2020,2,28,,14,5,NA,NA,wet,NA,,ap,NA
2020,2,28,,9,20,NA,NA,bottle,2,oz,ap,NA
2020,2,28,,10,50,NA,NA,water,NA,,ap,NA
2020,2,28,,12,35,NA,NA,bottle,3,oz,ap,NA
2020,2,28,,11,15,12,3,nap,NA,,ap,NA
2020,1,29,,8,10,NA,NA,wet,NA,,kc,NA
2020,1,29,,9,10,NA,NA,bowel,NA,,hannah,NA
2020,1,29,,10,11,NA,NA,wet,NA,,kc,NA
2020,1,29,,11,50,NA,NA,wet,NA,,ap,NA
2020,1,29,,13,59,NA,NA,dry,NA,,kc,NA
2020,1,29,,14,17,NA,NA,wet,NA,,kc,NA
2020,1,29,,9,50,NA,NA,water,NA,,kc,NA
2020,1,29,,12,31,NA,NA,bottle,4,oz,kc,NA
2020,1,29,,14,0,NA,NA,bottle,2,oz,kc,NA
2020,1,29,,11,15,11,45,nap,NA,,ap,NA
2020,2,12,,8,15,NA,NA,wet,NA,,ap,NA
2020,2,12,,10,15,NA,NA,wet,NA,,kc,NA
2020,2,12,,13,10,NA,NA,wet,NA,,kc,NA
2020,2,12,,11,0,NA,NA,bottle,3,oz,kc,NA
2020,2,12,,13,6,NA,NA,bottle,3,oz,kc,NA
2020,2,12,,14,0,NA,NA,water,NA,,kc,NA
2020,2,12,,11,20,13,0,nap,NA,,kc,NA
2020,3,4,,8,20,NA,NA,wet,NA,,ap,NA
2020,3,4,,10,50,NA,NA,wet,NA,,kc,NA
2020,3,4,,13,8,NA,NA,wet,NA,,kc,NA
2020,3,4,,15,0,NA,NA,wet,NA,,kc,NA
2020,3,4,,9,0,NA,NA,bottle,3,oz,kc,NA
2020,3,4,,11,0,NA,NA,bottle,2,oz,kc,NA
2020,3,4,,14,0,NA,NA,water,NA,,kc,NA
2020,3,4,,11,20,13,6,nap,NA,,kc,NA
2020,2,17,,8,10,NA,NA,wet,NA,,ap,NA
2020,2,17,,10,40,NA,NA,wet,NA,,ij,NA
2020,2,17,,13,50,NA,NA,wet,NA,,ij,NA
2020,2,17,,14,30,NA,NA,wet,NA,,kc,NA
2020,2,17,,8,0,NA,NA,bottle,3,oz,ap,NA
2020,2,17,,11,0,NA,NA,bottle,3,oz,ij,NA
2020,2,17,,14,9,NA,NA,water,NA,,ij,NA
2020,2,17,,11,20,13,20,nap,NA,,ij,NA
2021,1,25,,8,30,NA,NA,wet,NA,,ap,NA
2021,1,25,,10,45,NA,NA,wet,NA,,jd,NA
2021,1,25,,14,0,NA,NA,wet,NA,,jd,NA
2021,1,25,,14,55,NA,NA,dry,NA,,mb,NA
2021,1,25,,11,30,13,0,nap,NA,,mb,NA
2021,1,29,,8,0,NA,NA,wet,NA,,jd,NA
2021,1,29,,9,35,NA,NA,bowel,NA,,aym,NA
2021,1,29,,10,29,NA,NA,bowel,NA,,aym,NA
2021,1,29,,13,5,NA,NA,wet,NA,,aym,NA
2021,1,29,,11,30,13,0,nap,NA,,aym,NA
2021,3,28,,14,0,NA,NA,ride_atv,NA,,dlm,NA
2021,3,28,,12,0,NA,NA,skill_rightleft,NA,,dlm,NA
2021,5,11,,15,0,NA,NA,trait_mass,15,kg,rainbow,NA
2021,6,7,,10,0,NA,NA,skill_count_to_89,NA,,jsm,NA
2021,6,12,,13,0,NA,NA,skill_jump,NA,,jsmkch,NA
2021,6,14,,16,30,NA,NA,skill_potty_pee,NA,,kch,NA
2021,12,17,,12,0,NA,NA,skill_potty_pee_undies_noaccidents,NA,,jsm,NA
